"Eshop","Name","Url","SourceDate","OutputFile"
"Sportspin","MINIprkno TIBHAR","https://www.sportspin.cz/miniprkno-tibhar/","2026-01-13T00:00:00","H:/Desaka\sportspin\Full_13.01.2026\SportspinOutput.csv"
"Sportspin","Tištěný katalog TIBHAR 2025/26 ENG","https://www.sportspin.cz/tisteny-katalog-tibhar-2025-26-eng/","2026-01-13T00:00:00","H:/Desaka\sportspin\Full_13.01.2026\SportspinOutput.csv"
"Sportspin","Vložky do bot BUTTERFLY black","https://www.sportspin.cz/vlozky-do-bot-butterfly-black/","2026-01-13T00:00:00","H:/Desaka\sportspin\Full_13.01.2026\SportspinOutput.csv"
"Stoten","der materialspezialist - KAMIKAZE LONG GREEN GRASS EDITION","https://www.stoten.cz/travy/der-materialspezialist-kamikaze-long-green-grass-edition/","2026-01-13T00:00:00","H:/Desaka\stoten\Full_13.01.2026\StotenOutput.csv"
"Stoten","Donic - sběrač míčků","https://www.stoten.cz/prislusenstvi/sberac-micku-2/","2026-01-13T00:00:00","H:/Desaka\stoten\Full_13.01.2026\StotenOutput.csv"
"Stoten","Dr. Neubauer - Aggressor","https://www.stoten.cz/sedvice/aggressor/","2026-01-13T00:00:00","H:/Desaka\stoten\Full_13.01.2026\StotenOutput.csv"
"Stoten","Dr. Neubauer - Diamant","https://www.stoten.cz/sedvice/diamant/","2026-01-13T00:00:00","H:/Desaka\stoten\Full_13.01.2026\StotenOutput.csv"
"Stoten","Dr. Neubauer - Domination Speed 2","https://www.stoten.cz/softy-univerzalni/domination-speed-2/","2026-01-13T00:00:00","H:/Desaka\stoten\Full_13.01.2026\StotenOutput.csv"
"Stoten","Dr. Neubauer - Fighter","https://www.stoten.cz/travy/fighter/","2026-01-13T00:00:00","H:/Desaka\stoten\Full_13.01.2026\StotenOutput.csv"
"Stoten","Dr. Neubauer - Number 1","https://www.stoten.cz/travy/number-1/","2026-01-13T00:00:00","H:/Desaka\stoten\Full_13.01.2026\StotenOutput.csv"
"Stoten","Dr. Neubauer - Power Attack","https://www.stoten.cz/antitopspiny/power-attack/","2026-01-13T00:00:00","H:/Desaka\stoten\Full_13.01.2026\StotenOutput.csv"
"Stoten","Joola - Double Alu kufřík","https://www.stoten.cz/na-2-palky/joola-double-alu-kufrik/","2026-01-13T00:00:00","H:/Desaka\stoten\Full_13.01.2026\StotenOutput.csv"
"Stoten","Joola - Edge lady","https://www.stoten.cz/textil/joola-edge-lady/","2026-01-13T00:00:00","H:/Desaka\stoten\Full_13.01.2026\StotenOutput.csv"
"Stoten","Joola - Goldstripe","https://www.stoten.cz/vyprodej/joola-goldstripe/","2026-01-13T00:00:00","H:/Desaka\stoten\Full_13.01.2026\StotenOutput.csv"
"Stoten","Joola - Mikado OFF","https://www.stoten.cz/off/mikado-off-2/","2026-01-13T00:00:00","H:/Desaka\stoten\Full_13.01.2026\StotenOutput.csv"
"Stoten","Joola - Milan (bavlna)","https://www.stoten.cz/vyprodej/joola-milan/","2026-01-13T00:00:00","H:/Desaka\stoten\Full_13.01.2026\StotenOutput.csv"
"Stoten","Joola - Rossi junior","https://www.stoten.cz/all/rossi-junior/","2026-01-13T00:00:00","H:/Desaka\stoten\Full_13.01.2026\StotenOutput.csv"
"Stoten","Joola - Trinity Lady","https://www.stoten.cz/textil/joola-trinity-lady/","2026-01-13T00:00:00","H:/Desaka\stoten\Full_13.01.2026\StotenOutput.csv"
"Stoten","JOOLA - XYLO 7","https://www.stoten.cz/novinky-2025-2026/joola-xylo-7/","2026-01-13T00:00:00","H:/Desaka\stoten\Full_13.01.2026\StotenOutput.csv"
"Stoten","Joola - záchytná síť BUDDY","https://www.stoten.cz/treninkove-pomucky/zachytna-sit-buddy/","2026-01-13T00:00:00","H:/Desaka\stoten\Full_13.01.2026\StotenOutput.csv"
"Stoten","Meteor 8512","https://www.stoten.cz/sedvice/meteor-8512/","2026-01-13T00:00:00","H:/Desaka\stoten\Full_13.01.2026\StotenOutput.csv"
"Stoten","Mizuno - CROSSMATCH SWORD 2","https://www.stoten.cz/obuv/mizuno-crossmatch-sword-2/","2026-01-13T00:00:00","H:/Desaka\stoten\Full_13.01.2026\StotenOutput.csv"
"Stoten","Tibbhar - Curve","https://www.stoten.cz/polokosile/tibbhar-curve/","2026-01-13T00:00:00","H:/Desaka\stoten\Full_13.01.2026\StotenOutput.csv"
"Stoten","Tibhar  - Pouzdro TIBHAR Carbon Round","https://www.stoten.cz/na-1-palku/tibhar-pouzdro-tibhar-carbon-round/","2026-01-13T00:00:00","H:/Desaka\stoten\Full_13.01.2026\StotenOutput.csv"
"Stoten","Tibhar -  set pro rozhodčí","https://www.stoten.cz/prislusenstvi/tibhar-set-pro-rozhodci/","2026-01-13T00:00:00","H:/Desaka\stoten\Full_13.01.2026\StotenOutput.csv"
"Stoten","Tibhar - ★★★ 40+ SYNTT NG - 3 ks","https://www.stoten.cz/plastove/tibhar-40--syntt-ng-3-ks/","2026-01-13T00:00:00","H:/Desaka\stoten\Full_13.01.2026\StotenOutput.csv"
"Stoten","Tibhar - ★★★ 40+ SYNTT NG - 72 ks","https://www.stoten.cz/plastove/tibhar-40--syntt-ng/","2026-01-13T00:00:00","H:/Desaka\stoten\Full_13.01.2026\StotenOutput.csv"
"Stoten","Tibhar - 40+ SynTT NG","https://www.stoten.cz/micky/tibhar-40--syntt-ng-2/","2026-01-13T00:00:00","H:/Desaka\stoten\Full_13.01.2026\StotenOutput.csv"
"Stoten","Tibhar - Alexis lebrun OFF","https://www.stoten.cz/off/joola-alexis-lebrun-off-fl/","2026-01-13T00:00:00","H:/Desaka\stoten\Full_13.01.2026\StotenOutput.csv"
"Stoten","Tibhar - Allround Classic","https://www.stoten.cz/all/tibhar-allround-classic/","2026-01-13T00:00:00","H:/Desaka\stoten\Full_13.01.2026\StotenOutput.csv"
"Stoten","Tibhar - ALU ouzdro na pálku s poutkem na přenášení","https://www.stoten.cz/kufriky/tibhar-alu-ouzdro-na-palku-s-poutkem-na-prenaseni/","2026-01-13T00:00:00","H:/Desaka\stoten\Full_13.01.2026\StotenOutput.csv"
"Stoten","Tibhar - Alum cube premium","https://www.stoten.cz/kufriky/tibhar-alum-cube-premium/","2026-01-13T00:00:00","H:/Desaka\stoten\Full_13.01.2026\StotenOutput.csv"
"Stoten","TIBHAR - ÁLVARO ROBLES ESTOQUE","https://www.stoten.cz/off/tibhar-alvaro-robles-estoque/","2026-01-13T00:00:00","H:/Desaka\stoten\Full_13.01.2026\StotenOutput.csv"
"Stoten","Tibhar - Arrows polokošile","https://www.stoten.cz/polokosile/tibhar-arrows-polokosile/","2026-01-13T00:00:00","H:/Desaka\stoten\Full_13.01.2026\StotenOutput.csv"
"Stoten","Tibhar - ASTRA","https://www.stoten.cz/vyprodej/tibhar-astra/","2026-01-13T00:00:00","H:/Desaka\stoten\Full_13.01.2026\StotenOutput.csv"
"Stoten","Tibhar - Aurus","https://www.stoten.cz/softy-utocne/aurus/","2026-01-13T00:00:00","H:/Desaka\stoten\Full_13.01.2026\StotenOutput.csv"
"Stoten","Tibhar - Aurus Prime","https://www.stoten.cz/softy-utocne/aurus-prime/","2026-01-13T00:00:00","H:/Desaka\stoten\Full_13.01.2026\StotenOutput.csv"
"Stoten","Tibhar - Aurus Select","https://www.stoten.cz/softy-utocne/aurus-select/","2026-01-13T00:00:00","H:/Desaka\stoten\Full_13.01.2026\StotenOutput.csv"
"Stoten","Tibhar - Aurus Soft","https://www.stoten.cz/softy-utocne/aurus-soft/","2026-01-13T00:00:00","H:/Desaka\stoten\Full_13.01.2026\StotenOutput.csv"
"Stoten","Tibhar - Aurus Sound","https://www.stoten.cz/softy-utocne/aurus-sound/","2026-01-13T00:00:00","H:/Desaka\stoten\Full_13.01.2026\StotenOutput.csv"
"Stoten","Tibhar - Azur","https://www.stoten.cz/tricka/tibhar-azur/","2026-01-13T00:00:00","H:/Desaka\stoten\Full_13.01.2026\StotenOutput.csv"
"Stoten","Tibhar - Ball case 3","https://www.stoten.cz/doplnky-2/tibhar-ball-case-3/","2026-01-13T00:00:00","H:/Desaka\stoten\Full_13.01.2026\StotenOutput.csv"
"Stoten","Tibhar - Balsa Allround 50","https://www.stoten.cz/all/tibhar-balsa-allround-50/","2026-01-13T00:00:00","H:/Desaka\stoten\Full_13.01.2026\StotenOutput.csv"
"Stoten","Tibhar - Balsa Def 25","https://www.stoten.cz/def/balsa-def-25/","2026-01-13T00:00:00","H:/Desaka\stoten\Full_13.01.2026\StotenOutput.csv"
"Stoten","Tibhar - Balsa Fibre 60","https://www.stoten.cz/off-/balsa-fibre-60/","2026-01-13T00:00:00","H:/Desaka\stoten\Full_13.01.2026\StotenOutput.csv"
"Stoten","Tibhar - Balsa Fibretec 75","https://www.stoten.cz/off/balsa-fibretec-75/","2026-01-13T00:00:00","H:/Desaka\stoten\Full_13.01.2026\StotenOutput.csv"
"Stoten","Tibhar - bandáž na kotník","https://www.stoten.cz/sportovni-pomucky/tibhar-bandaz-na-kotnik/","2026-01-13T00:00:00","H:/Desaka\stoten\Full_13.01.2026\StotenOutput.csv"
"Stoten","Tibhar - BASIC 40+ SL 6 ks","https://www.stoten.cz/plastove/tibhar-basic-40--sl-6-ks/","2026-01-13T00:00:00","H:/Desaka\stoten\Full_13.01.2026\StotenOutput.csv"
"Stoten","Tibhar - BASIC 40+ SL 72 ks","https://www.stoten.cz/plastove/tibhar-basic-40--sl-72-ks/","2026-01-13T00:00:00","H:/Desaka\stoten\Full_13.01.2026\StotenOutput.csv"
"Stoten","Tibhar - BASIC 40+ SYNTT NG 6 ks","https://www.stoten.cz/plastove/tibhar-basic-40--syntt-ng-6-ks/","2026-01-13T00:00:00","H:/Desaka\stoten\Full_13.01.2026\StotenOutput.csv"
"Stoten","Tibhar - BASIC 40+ SYNTT NG 72 ks","https://www.stoten.cz/plastove/tibhar-basic-40--syntt-ng-72-ks/","2026-01-13T00:00:00","H:/Desaka\stoten\Full_13.01.2026\StotenOutput.csv"
"Stoten","Tibhar - Blue Falcon","https://www.stoten.cz/obuv/tibhar-blue-falcon/","2026-01-13T00:00:00","H:/Desaka\stoten\Full_13.01.2026\StotenOutput.csv"
"Stoten","Tibhar - boxerky Bruno Banani","https://www.stoten.cz/doplnky/tibhar-boxerky-bruno-banani/","2026-01-13T00:00:00","H:/Desaka\stoten\Full_13.01.2026\StotenOutput.csv"
"Stoten","Tibhar - Cab polokošile","https://www.stoten.cz/polokosile/tibhar-cab-polokosile/","2026-01-13T00:00:00","H:/Desaka\stoten\Full_13.01.2026\StotenOutput.csv"
"Stoten","Tibhar - Clip","https://www.stoten.cz/sitky/tibhar-clip/","2026-01-13T00:00:00","H:/Desaka\stoten\Full_13.01.2026\StotenOutput.csv"
"Stoten","Tibhar - čelenka Evolution","https://www.stoten.cz/celenky-a-natepniky/tibhar-celenka-evolution/","2026-01-13T00:00:00","H:/Desaka\stoten\Full_13.01.2026\StotenOutput.csv"
"Stoten","TIBHAR - čistící spray 250 ml","https://www.stoten.cz/cistice/tibhar-cistici-spray-250-ml/","2026-01-13T00:00:00","H:/Desaka\stoten\Full_13.01.2026\StotenOutput.csv"
"Stoten","Tibhar - Defense Plus","https://www.stoten.cz/def/defense-plus/","2026-01-13T00:00:00","H:/Desaka\stoten\Full_13.01.2026\StotenOutput.csv"
"Stoten","Tibhar - Double alum cube point","https://www.stoten.cz/kufriky/tibhar-double-alum-cube-point/","2026-01-13T00:00:00","H:/Desaka\stoten\Full_13.01.2026\StotenOutput.csv"
"Stoten","Tibhar - Drinkhall Allround Classic","https://www.stoten.cz/all-2/drinkhall-allround-classic/","2026-01-13T00:00:00","H:/Desaka\stoten\Full_13.01.2026\StotenOutput.csv"
"Stoten","Tibhar - Drinkhall Power Spin Carbon","https://www.stoten.cz/off-2/drinkhall-power-spin-carbon/","2026-01-13T00:00:00","H:/Desaka\stoten\Full_13.01.2026\StotenOutput.csv"
"Stoten","Tibhar - Ellen Def","https://www.stoten.cz/antitopspiny/ellen-def/","2026-01-13T00:00:00","H:/Desaka\stoten\Full_13.01.2026\StotenOutput.csv"
"Stoten","Tibhar - Ellen Off","https://www.stoten.cz/antitopspiny/ellen-off/","2026-01-13T00:00:00","H:/Desaka\stoten\Full_13.01.2026\StotenOutput.csv"
"Stoten","Tibhar - Etna pouzdro","https://www.stoten.cz/na-2-palky/tibhar-etna-pouzdro/","2026-01-13T00:00:00","H:/Desaka\stoten\Full_13.01.2026\StotenOutput.csv"
"Stoten","Tibhar - Etna souprava","https://www.stoten.cz/mikiny-a-teplaky/tibhar-etna-souprava/","2026-01-13T00:00:00","H:/Desaka\stoten\Full_13.01.2026\StotenOutput.csv"
"Stoten","Tibhar - Evolution shirt","https://www.stoten.cz/tricka/tibhar-evolution-shirt/","2026-01-13T00:00:00","H:/Desaka\stoten\Full_13.01.2026\StotenOutput.csv"
"Stoten","Tibhar - FUN BALLS SPORTS","https://www.stoten.cz/micky/tibhar-fun-balls-sports/","2026-01-13T00:00:00","H:/Desaka\stoten\Full_13.01.2026\StotenOutput.csv"
"Stoten","Tibhar - Game","https://www.stoten.cz/potahy/tibhar-game/","2026-01-13T00:00:00","H:/Desaka\stoten\Full_13.01.2026\StotenOutput.csv"
"Stoten","Tibhar - Game souprava","https://www.stoten.cz/soupravy/tibhar-game-souprava/","2026-01-13T00:00:00","H:/Desaka\stoten\Full_13.01.2026\StotenOutput.csv"
"Stoten","Tibhar - Genius","https://www.stoten.cz/softy-utocne/genius/","2026-01-13T00:00:00","H:/Desaka\stoten\Full_13.01.2026\StotenOutput.csv"
"Stoten","Tibhar - Genius+ Optimum","https://www.stoten.cz/off-2/tibhar-genius--optimum/","2026-01-13T00:00:00","H:/Desaka\stoten\Full_13.01.2026\StotenOutput.csv"
"Stoten","Tibhar - Grass D.TecS","https://www.stoten.cz/travy/grass-d-tecs/","2026-01-13T00:00:00","H:/Desaka\stoten\Full_13.01.2026\StotenOutput.csv"
"Stoten","Tibhar - Grip polokošile","https://www.stoten.cz/polokosile/tibhar-grip-polokosile-2/","2026-01-13T00:00:00","H:/Desaka\stoten\Full_13.01.2026\StotenOutput.csv"
"Stoten","Tibhar - Grip šortky","https://www.stoten.cz/sortky/tibhar-grip-sortky/","2026-01-13T00:00:00","H:/Desaka\stoten\Full_13.01.2026\StotenOutput.csv"
"Stoten","Tibhar - Hexa pouzdro","https://www.stoten.cz/kufriky/tibhar-hexa-pouzdro/","2026-01-13T00:00:00","H:/Desaka\stoten\Full_13.01.2026\StotenOutput.csv"
"Stoten","TIBHAR - HiTech šortky","https://www.stoten.cz/sortky/tibhar-hitech-sortky/","2026-01-13T00:00:00","H:/Desaka\stoten\Full_13.01.2026\StotenOutput.csv"
"Stoten","TIBHAR - Hong Kong Double pouzdro","https://www.stoten.cz/na-2-palky/tibhar-hong-kong-double-pouzdro/","2026-01-13T00:00:00","H:/Desaka\stoten\Full_13.01.2026\StotenOutput.csv"
"Stoten","TIBHAR - Hong Kong pouzdro Round s kapsou","https://www.stoten.cz/na-1-palku/tibhar-hong-kong-pouzdro-round-s-kapsou/","2026-01-13T00:00:00","H:/Desaka\stoten\Full_13.01.2026\StotenOutput.csv"
"Stoten","TIBHAR - Houbička Combi","https://www.stoten.cz/cistice/tibhar-houbicka-combi/","2026-01-13T00:00:00","H:/Desaka\stoten\Full_13.01.2026\StotenOutput.csv"
"Stoten","TIBHAR - houbička Evolution","https://www.stoten.cz/cistice/tibhar-houbicka-evolution/","2026-01-13T00:00:00","H:/Desaka\stoten\Full_13.01.2026\StotenOutput.csv"
"Stoten","TIBHAR - Houbička Grip","https://www.stoten.cz/cistice/tibhar-houbicka-grip/","2026-01-13T00:00:00","H:/Desaka\stoten\Full_13.01.2026\StotenOutput.csv"
"Stoten","TIBHAR - Hybrid K1 European Version","https://www.stoten.cz/softy-utocne/tibhar-hybrid-k1-european-version/","2026-01-13T00:00:00","H:/Desaka\stoten\Full_13.01.2026\StotenOutput.csv"
"Stoten","Tibhar - Hybrid K3","https://www.stoten.cz/softy-utocne/tibhar-hybrid-k3/","2026-01-13T00:00:00","H:/Desaka\stoten\Full_13.01.2026\StotenOutput.csv"
"Stoten","Tibhar - Hybrid K3 FX","https://www.stoten.cz/softy-utocne/tibhar-hybrid-k3-fx/","2026-01-13T00:00:00","H:/Desaka\stoten\Full_13.01.2026\StotenOutput.csv"
"Stoten","TIBHAR - Hybrid K3 PRO","https://www.stoten.cz/softy-utocne/tibhar-hybrid-k3-pro/","2026-01-13T00:00:00","H:/Desaka\stoten\Full_13.01.2026\StotenOutput.csv"
"Stoten","Tibhar - Hybrid MK","https://www.stoten.cz/potahy/tibhar-hybrid-mk/","2026-01-13T00:00:00","H:/Desaka\stoten\Full_13.01.2026\StotenOutput.csv"
"Stoten","Tibhar - Champ","https://www.stoten.cz/off/tibhar-champ/","2026-01-13T00:00:00","H:/Desaka\stoten\Full_13.01.2026\StotenOutput.csv"
"Stoten","Tibhar - Chila OFF","https://www.stoten.cz/off/tibhar-chila-off/","2026-01-13T00:00:00","H:/Desaka\stoten\Full_13.01.2026\StotenOutput.csv"
"Stoten","TIBHAR - IV-L Light Contact","https://www.stoten.cz/all/tibhar-iv-l-light-contact/","2026-01-13T00:00:00","H:/Desaka\stoten\Full_13.01.2026\StotenOutput.csv"
"Stoten","TIBHAR - Jelenice - houbička","https://www.stoten.cz/cistice/tibhar-jelenice-houbicka/","2026-01-13T00:00:00","H:/Desaka\stoten\Full_13.01.2026\StotenOutput.csv"
"Stoten","Tibhar - Jura","https://www.stoten.cz/polokosile/tibhar-jura/","2026-01-13T00:00:00","H:/Desaka\stoten\Full_13.01.2026\StotenOutput.csv"
"Stoten","TIBHAR - JURA SOUPRAVA","https://www.stoten.cz/soupravy/tibhar-jura-souprava/","2026-01-13T00:00:00","H:/Desaka\stoten\Full_13.01.2026\StotenOutput.csv"
"Stoten","Tibhar - kolenová ortéza","https://www.stoten.cz/sportovni-pomucky/tibhar-kolenova-orteza/","2026-01-13T00:00:00","H:/Desaka\stoten\Full_13.01.2026\StotenOutput.csv"
"Stoten","Tibhar - Kšiltovka","https://www.stoten.cz/cepice/tibhar-ksiltovka/","2026-01-13T00:00:00","H:/Desaka\stoten\Full_13.01.2026\StotenOutput.csv"
"Stoten","Tibhar - Lane polokošile","https://www.stoten.cz/polokosile/tibhar-lane-polokosile/","2026-01-13T00:00:00","H:/Desaka\stoten\Full_13.01.2026\StotenOutput.csv"
"Stoten","Tibhar - Lebesson","https://www.stoten.cz/off-/lebesson/","2026-01-13T00:00:00","H:/Desaka\stoten\Full_13.01.2026\StotenOutput.csv"
"Stoten","TIBHAR - Lebrun Alexis ALL+","https://www.stoten.cz/all-2/tibhar-lebrun-alexis-all-/","2026-01-13T00:00:00","H:/Desaka\stoten\Full_13.01.2026\StotenOutput.csv"
"Stoten","TIBHAR - Lebrun Alexis Krypto Carbon OFF","https://www.stoten.cz/off/tibhar-lebrun-alexis-krypto-carbon-off/","2026-01-13T00:00:00","H:/Desaka\stoten\Full_13.01.2026\StotenOutput.csv"
"Stoten","TIBHAR - Lebrun Felix ALL","https://www.stoten.cz/all/tibhar-lebrun-felix-all/","2026-01-13T00:00:00","H:/Desaka\stoten\Full_13.01.2026\StotenOutput.csv"
"Stoten","TIBHAR - Lebrun Felix Hyper Carbon OFF","https://www.stoten.cz/off/tibhar-lebrun-felix-hyper-carbon-off/","2026-01-13T00:00:00","H:/Desaka\stoten\Full_13.01.2026\StotenOutput.csv"
"Stoten","TIBHAR - Lebrun Felix OFF-","https://www.stoten.cz/off-/tibhar-lebrun-felix-off-/","2026-01-13T00:00:00","H:/Desaka\stoten\Full_13.01.2026\StotenOutput.csv"
"Stoten","Tibhar - Legend","https://www.stoten.cz/softy-utocne/tibhar-legend/","2026-01-13T00:00:00","H:/Desaka\stoten\Full_13.01.2026\StotenOutput.csv"
"Stoten","TIBHAR - Li Qian","https://www.stoten.cz/def/tibhar-li-qian/","2026-01-13T00:00:00","H:/Desaka\stoten\Full_13.01.2026\StotenOutput.csv"
"Stoten","Tibhar - LOGO pouzdro na míčky","https://www.stoten.cz/pouzdra/tibhar-logo-pouzdro-na-micky/","2026-01-13T00:00:00","H:/Desaka\stoten\Full_13.01.2026\StotenOutput.csv"
"Stoten","Tibhar - Macao pouzdro double","https://www.stoten.cz/na-2-palky/tibhar-macao-pouzdro-double/","2026-01-13T00:00:00","H:/Desaka\stoten\Full_13.01.2026\StotenOutput.csv"
"Stoten","Tibhar - Macao pouzdro single","https://www.stoten.cz/na-1-palku/tibhar-macao-pouzdro-single/","2026-01-13T00:00:00","H:/Desaka\stoten\Full_13.01.2026\StotenOutput.csv"
"Stoten","TIBHAR - Match","https://www.stoten.cz/dreva/tibhar-match/","2026-01-13T00:00:00","H:/Desaka\stoten\Full_13.01.2026\StotenOutput.csv"
"Stoten","Tibhar - Match polokošile","https://www.stoten.cz/tricka/tibhar-match-polokosile/","2026-01-13T00:00:00","H:/Desaka\stoten\Full_13.01.2026\StotenOutput.csv"
"Stoten","Tibhar - MAXI prkno","https://www.stoten.cz/mini-palky/tibhar-maxi-prkno/","2026-01-13T00:00:00","H:/Desaka\stoten\Full_13.01.2026\StotenOutput.csv"
"Stoten","Tibhar - MESH FLEXLIGHT II","https://www.stoten.cz/obuv/tibhar-mesh-flexlight-ii/","2026-01-13T00:00:00","H:/Desaka\stoten\Full_13.01.2026\StotenOutput.csv"
"Stoten","TIBHAR - Metro","https://www.stoten.cz/polokosile/tibhar-metro/","2026-01-13T00:00:00","H:/Desaka\stoten\Full_13.01.2026\StotenOutput.csv"
"Stoten","TIBHAR - Micro Houbička","https://www.stoten.cz/cistice/tibhar-micro-houbicka/","2026-01-13T00:00:00","H:/Desaka\stoten\Full_13.01.2026\StotenOutput.csv"
"Stoten","Tibhar - mini dřevo","https://www.stoten.cz/mini-palky/tibhar-mini-drevo/","2026-01-13T00:00:00","H:/Desaka\stoten\Full_13.01.2026\StotenOutput.csv"
"Stoten","Tibhar - MK 7","https://www.stoten.cz/dreva-2/tibhar-mk-7/","2026-01-13T00:00:00","H:/Desaka\stoten\Full_13.01.2026\StotenOutput.csv"
"Stoten","Tibhar - MK ALL","https://www.stoten.cz/dreva/tibhar-mk-all/","2026-01-13T00:00:00","H:/Desaka\stoten\Full_13.01.2026\StotenOutput.csv"
"Stoten","Tibhar - MK Carbon","https://www.stoten.cz/dreva-2/tibhar-mk-carbon/","2026-01-13T00:00:00","H:/Desaka\stoten\Full_13.01.2026\StotenOutput.csv"
"Stoten","Tibhar - Mundo","https://www.stoten.cz/polokosile/tibhar-mundo/","2026-01-13T00:00:00","H:/Desaka\stoten\Full_13.01.2026\StotenOutput.csv"
"Stoten","Tibhar - Mundo Cotton","https://www.stoten.cz/polokosile/tibhar-mundo-cotton/","2026-01-13T00:00:00","H:/Desaka\stoten\Full_13.01.2026\StotenOutput.csv"
"Stoten","Tibhar - Mundo Lady","https://www.stoten.cz/polokosile/tibhar-mundo-lady/","2026-01-13T00:00:00","H:/Desaka\stoten\Full_13.01.2026\StotenOutput.csv"
"Stoten","Tibhar - Mundo šortky","https://www.stoten.cz/sortky/tibhar-mundo-sortky/","2026-01-13T00:00:00","H:/Desaka\stoten\Full_13.01.2026\StotenOutput.csv"
"Stoten","Tibhar - Mundo TS","https://www.stoten.cz/soupravy/tibhar-mundo-ts/","2026-01-13T00:00:00","H:/Desaka\stoten\Full_13.01.2026\StotenOutput.csv"
"Stoten","Tibhar - nátepník Evolution","https://www.stoten.cz/celenky-a-natepniky/tibhar-natepnik-evolution/","2026-01-13T00:00:00","H:/Desaka\stoten\Full_13.01.2026\StotenOutput.csv"
"Stoten","Tibhar - Nimbus","https://www.stoten.cz/softy-utocne/nimbus/","2026-01-13T00:00:00","H:/Desaka\stoten\Full_13.01.2026\StotenOutput.csv"
"Stoten","Tibhar - Nimbus ALL","https://www.stoten.cz/all/tibhar-nimbus-all/","2026-01-13T00:00:00","H:/Desaka\stoten\Full_13.01.2026\StotenOutput.csv"
"Stoten","Tibhar - Nimbus Soft","https://www.stoten.cz/softy-utocne/nimbus-soft/","2026-01-13T00:00:00","H:/Desaka\stoten\Full_13.01.2026\StotenOutput.csv"
"Stoten","Tibhar - Nimbus Sound","https://www.stoten.cz/softy-utocne/nimbus-sound/","2026-01-13T00:00:00","H:/Desaka\stoten\Full_13.01.2026\StotenOutput.csv"
"Stoten","Tibhar - ohrádka 233 cm fullcover","https://www.stoten.cz/ohradky/tibhar-ohradka-233-cm/","2026-01-13T00:00:00","H:/Desaka\stoten\Full_13.01.2026\StotenOutput.csv"
"Stoten","Tibhar - ohrádka 233 cm fullcover - Logo STOTEN","https://www.stoten.cz/ohradky/tibhar-ohradka-233-cm-fullcover-logo-stoten/","2026-01-13T00:00:00","H:/Desaka\stoten\Full_13.01.2026\StotenOutput.csv"
"Stoten","Tibhar - Orbit polokošile","https://www.stoten.cz/tricka/tibhar-orbit-polokosile/","2026-01-13T00:00:00","H:/Desaka\stoten\Full_13.01.2026\StotenOutput.csv"
"Stoten","TIBHAR - Osmium France souprava","https://www.stoten.cz/soupravy/tibhar-osmium-france-souprava/","2026-01-13T00:00:00","H:/Desaka\stoten\Full_13.01.2026\StotenOutput.csv"
"Stoten","TIBHAR - Osmium souprava","https://www.stoten.cz/soupravy/tibhar-osmium-souprava/","2026-01-13T00:00:00","H:/Desaka\stoten\Full_13.01.2026\StotenOutput.csv"
"Stoten","Tibhar - Osmium šortky","https://www.stoten.cz/sortky/tibhar-osmium-sortky/","2026-01-13T00:00:00","H:/Desaka\stoten\Full_13.01.2026\StotenOutput.csv"
"Stoten","TIBHAR - peněženka Casual","https://www.stoten.cz/textil/tibhar-penezenka-casual/","2026-01-13T00:00:00","H:/Desaka\stoten\Full_13.01.2026\StotenOutput.csv"
"Stoten","Tibhar - POINT Alum double kufřík","https://www.stoten.cz/pouzdra/tibhar-point-alum-double-kufrik/","2026-01-13T00:00:00","H:/Desaka\stoten\Full_13.01.2026\StotenOutput.csv"
"Stoten","Tibhar - POINT Alum kufřík","https://www.stoten.cz/pouzdra/tibhar-point-kufrik/","2026-01-13T00:00:00","H:/Desaka\stoten\Full_13.01.2026\StotenOutput.csv"
"Stoten","TIBHAR - potítko L 2021","https://www.stoten.cz/celenky-a-natepniky/tibhar-potitko-l-2021/","2026-01-13T00:00:00","H:/Desaka\stoten\Full_13.01.2026\StotenOutput.csv"
"Stoten","TIBHAR - potítko S 2021","https://www.stoten.cz/celenky-a-natepniky/tibhar-potitko-s-2021/","2026-01-13T00:00:00","H:/Desaka\stoten\Full_13.01.2026\StotenOutput.csv"
"Stoten","Tibhar - potítko Tibhar velikost L","https://www.stoten.cz/celenky-a-natepniky/tibhar-potitko-tibhar-velikost-l/","2026-01-13T00:00:00","H:/Desaka\stoten\Full_13.01.2026\StotenOutput.csv"
"Stoten","Tibhar - potítko Tibhar velikost S","https://www.stoten.cz/celenky-a-natepniky/tibhar-potitko-tibhar-velikost-s/","2026-01-13T00:00:00","H:/Desaka\stoten\Full_13.01.2026\StotenOutput.csv"
"Stoten","Tibhar - Pouzdro na míčky Grid (3)","https://www.stoten.cz/pouzdra/tibhar-pouzdro-na-micky-grid--3-/","2026-01-13T00:00:00","H:/Desaka\stoten\Full_13.01.2026\StotenOutput.csv"
"Stoten","Tibhar - pouzdro na míčky Sydney","https://www.stoten.cz/pouzdra/tibhar-pouzdro-na-micky-sydney/","2026-01-13T00:00:00","H:/Desaka\stoten\Full_13.01.2026\StotenOutput.csv"
"Stoten","TIBHAR - pouzdro T double","https://www.stoten.cz/pouzdra/tibhar-pouzdro-double/","2026-01-13T00:00:00","H:/Desaka\stoten\Full_13.01.2026\StotenOutput.csv"
"Stoten","TIBHAR - pouzdro T Round","https://www.stoten.cz/na-1-palku/tibhar-pouzdro-t-round/","2026-01-13T00:00:00","H:/Desaka\stoten\Full_13.01.2026\StotenOutput.csv"
"Stoten","TIBHAR - pouzdro T Round s kapsou na míčky","https://www.stoten.cz/na-1-palku/tibhar-pouzdro-t-round-s-kapsou-na-micky/","2026-01-13T00:00:00","H:/Desaka\stoten\Full_13.01.2026\StotenOutput.csv"
"Stoten","TIBHAR - pouzdro T Single","https://www.stoten.cz/na-1-palku/tibhar-pouzdro-t-single/","2026-01-13T00:00:00","H:/Desaka\stoten\Full_13.01.2026\StotenOutput.csv"
"Stoten","TIBHAR - Power Clue 100 ml","https://www.stoten.cz/vodou-reditelna/tibhar-power-clue-100-ml/","2026-01-13T00:00:00","H:/Desaka\stoten\Full_13.01.2026\StotenOutput.csv"
"Stoten","TIBHAR - Power Clue 250 ml","https://www.stoten.cz/vodou-reditelna/tibhar-power-clue-250-ml/","2026-01-13T00:00:00","H:/Desaka\stoten\Full_13.01.2026\StotenOutput.csv"
"Stoten","TIBHAR - Power Wipes - Dezinfekční čisticí ubrousky","https://www.stoten.cz/cistice/tibhar-power-wipes-dezinfekcni-cistici-ubrousky/","2026-01-13T00:00:00","H:/Desaka\stoten\Full_13.01.2026\StotenOutput.csv"
"Stoten","Tibhar - Powergrip Edition","https://www.stoten.cz/hobby-palky/tibhar-powergrip-edition/","2026-01-13T00:00:00","H:/Desaka\stoten\Full_13.01.2026\StotenOutput.csv"
"Stoten","Tibhar - Presto","https://www.stoten.cz/obuv/tibhar-presto/","2026-01-13T00:00:00","H:/Desaka\stoten\Full_13.01.2026\StotenOutput.csv"
"Stoten","Tibhar - Protect pouzdro","https://www.stoten.cz/pouzdra/tibhar-protect-pouzdro/","2026-01-13T00:00:00","H:/Desaka\stoten\Full_13.01.2026\StotenOutput.csv"
"Stoten","TIBHAR - Pulse šortky","https://www.stoten.cz/sortky/tibhar-pulse-sortky/","2026-01-13T00:00:00","H:/Desaka\stoten\Full_13.01.2026\StotenOutput.csv"
"Stoten","Tibhar - Quantum","https://www.stoten.cz/softy-utocne/quantum/","2026-01-13T00:00:00","H:/Desaka\stoten\Full_13.01.2026\StotenOutput.csv"
"Stoten","Tibhar - Quantum S","https://www.stoten.cz/softy-utocne/quantum-s/","2026-01-13T00:00:00","H:/Desaka\stoten\Full_13.01.2026\StotenOutput.csv"
"Stoten","Tibhar - Quantum X Pro","https://www.stoten.cz/softy-utocne/tibhar-quantum-x-pro/","2026-01-13T00:00:00","H:/Desaka\stoten\Full_13.01.2026\StotenOutput.csv"
"Stoten","Tibhar - QUANTUM X PRO BLUE","https://www.stoten.cz/softy-utocne/tibhar-quantum-x-pro-blue/","2026-01-13T00:00:00","H:/Desaka\stoten\Full_13.01.2026\StotenOutput.csv"
"Stoten","Tibhar - QUANTUM X PRO Green","https://www.stoten.cz/softy-utocne/tibhar-quantum-x-pro-green/","2026-01-13T00:00:00","H:/Desaka\stoten\Full_13.01.2026\StotenOutput.csv"
"Stoten","Tibhar - QUANTUM X PRO PINK","https://www.stoten.cz/softy-utocne/tibhar-quantum-x-pro-pink/","2026-01-13T00:00:00","H:/Desaka\stoten\Full_13.01.2026\StotenOutput.csv"
"Stoten","Tibhar - Quantum X PRO SOFT","https://www.stoten.cz/softy-utocne/tibhar-quantum-x-pro-soft/","2026-01-13T00:00:00","H:/Desaka\stoten\Full_13.01.2026\StotenOutput.csv"
"Stoten","TIBHAR - Quantum X PRO SOFT BLUE","https://www.stoten.cz/softy-utocne/tibhar-quantum-x-pro-soft-blue/","2026-01-13T00:00:00","H:/Desaka\stoten\Full_13.01.2026\StotenOutput.csv"
"Stoten","TIBHAR - Quantum X PRO SOFT PINK","https://www.stoten.cz/softy-utocne/tibhar-quantum-x-pro-soft-pink/","2026-01-13T00:00:00","H:/Desaka\stoten\Full_13.01.2026\StotenOutput.csv"
"Stoten","Tibhar - QUANTUM X PRO VIOLET","https://www.stoten.cz/softy-utocne/tibhar-quantum-x-pro-violet/","2026-01-13T00:00:00","H:/Desaka\stoten\Full_13.01.2026\StotenOutput.csv"
"Stoten","TIBHAR - Race Cotton polokošile","https://www.stoten.cz/polokosile/tibhar-race-cotton-polokosile/","2026-01-13T00:00:00","H:/Desaka\stoten\Full_13.01.2026\StotenOutput.csv"
"Stoten","TIBHAR - Rapid Carbon Light","https://www.stoten.cz/dreva/tibhar-rapid-carbon-light/","2026-01-13T00:00:00","H:/Desaka\stoten\Full_13.01.2026\StotenOutput.csv"
"Stoten","Tibhar - Relief Alpha","https://www.stoten.cz/rucniky/tibhar-relief-alpha/","2026-01-13T00:00:00","H:/Desaka\stoten\Full_13.01.2026\StotenOutput.csv"
"Stoten","Tibhar - Relief Beta","https://www.stoten.cz/rucniky/tibhar-relief-beta/","2026-01-13T00:00:00","H:/Desaka\stoten\Full_13.01.2026\StotenOutput.csv"
"Stoten","Tibhar - Retro","https://www.stoten.cz/obuv/tibhar-retro/","2026-01-13T00:00:00","H:/Desaka\stoten\Full_13.01.2026\StotenOutput.csv"
"Stoten","Tibhar - ROBOPRO GENIUS","https://www.stoten.cz/roboti/tibhar-robopro-genius/","2026-01-13T00:00:00","H:/Desaka\stoten\Full_13.01.2026\StotenOutput.csv"
"Stoten","Tibhar - ROBOPRO JUNIOR","https://www.stoten.cz/roboti/tibhar-robopro-junior/","2026-01-13T00:00:00","H:/Desaka\stoten\Full_13.01.2026\StotenOutput.csv"
"Stoten","TIBHAR - ROBOPRO Master","https://www.stoten.cz/roboti/tibhar-robopro-master/","2026-01-13T00:00:00","H:/Desaka\stoten\Full_13.01.2026\StotenOutput.csv"
"Stoten","Tibhar - ROBOPRO PLUS","https://www.stoten.cz/roboti/tibhar-robopro-plus/","2026-01-13T00:00:00","H:/Desaka\stoten\Full_13.01.2026\StotenOutput.csv"
"Stoten","Tibhar - ROOKIE BLUE EDITION","https://www.stoten.cz/palky/tibhar-rookie-blue-edition/","2026-01-13T00:00:00","H:/Desaka\stoten\Full_13.01.2026\StotenOutput.csv"
"Stoten","Tibhar - ROOKIE DRINKHALL","https://www.stoten.cz/hobby-palky/tibhar-rookie-drinkhall/","2026-01-13T00:00:00","H:/Desaka\stoten\Full_13.01.2026\StotenOutput.csv"
"Stoten","Tibhar - ROOKIE JORGIC","https://www.stoten.cz/hobby-palky/tibhar-rookie-jorgic/","2026-01-13T00:00:00","H:/Desaka\stoten\Full_13.01.2026\StotenOutput.csv"
"Stoten","Tibhar - Samsonov Alpha","https://www.stoten.cz/off-/samsonov-alpha/","2026-01-13T00:00:00","H:/Desaka\stoten\Full_13.01.2026\StotenOutput.csv"
"Stoten","Tibhar - Samsonov Carbon","https://www.stoten.cz/off-2/samsonov-carbon/","2026-01-13T00:00:00","H:/Desaka\stoten\Full_13.01.2026\StotenOutput.csv"
"Stoten","TIBHAR - Samsonov Force Pro","https://www.stoten.cz/dreva/tibhar-samsonov-force-pro/","2026-01-13T00:00:00","H:/Desaka\stoten\Full_13.01.2026\StotenOutput.csv"
"Stoten","TIBHAR - Samsonov Premium Contact","https://www.stoten.cz/off/tibhar-samsonov-premium-contact/","2026-01-13T00:00:00","H:/Desaka\stoten\Full_13.01.2026\StotenOutput.csv"
"Stoten","Tibhar - Samsonov Premium Junior","https://www.stoten.cz/all/tibhar-samsonov-premium-junior/","2026-01-13T00:00:00","H:/Desaka\stoten\Full_13.01.2026\StotenOutput.csv"
"Stoten","TIBHAR - Samsonov Pure Wood","https://www.stoten.cz/dreva/tibhar-samsonov-pure-wood/","2026-01-13T00:00:00","H:/Desaka\stoten\Full_13.01.2026\StotenOutput.csv"
"Stoten","Tibhar - Samsonov Stratus Carbon","https://www.stoten.cz/dreva/samsonov-stratus-carbon/","2026-01-13T00:00:00","H:/Desaka\stoten\Full_13.01.2026\StotenOutput.csv"
"Stoten","Tibhar - Scala polokošile","https://www.stoten.cz/tricka/tibhar-scala-polokosile/","2026-01-13T00:00:00","H:/Desaka\stoten\Full_13.01.2026\StotenOutput.csv"
"Stoten","TIBHAR - Shang Kun Hybrid AC","https://www.stoten.cz/off-/tibhar-shang-kun-hybrid-ac/","2026-01-13T00:00:00","H:/Desaka\stoten\Full_13.01.2026\StotenOutput.csv"
"Stoten","Tibhar - Short Beach","https://www.stoten.cz/vyprodej/tibhar-short-beach/","2026-01-13T00:00:00","H:/Desaka\stoten\Full_13.01.2026\StotenOutput.csv"
"Stoten","Tibhar - Sinus","https://www.stoten.cz/potahy/sinus-2/","2026-01-13T00:00:00","H:/Desaka\stoten\Full_13.01.2026\StotenOutput.csv"
"Stoten","Tibhar - Sinus Alpha","https://www.stoten.cz/softy-utocne/sinus-alpha/","2026-01-13T00:00:00","H:/Desaka\stoten\Full_13.01.2026\StotenOutput.csv"
"Stoten","Tibhar - Sinus Sound","https://www.stoten.cz/softy-utocne/sinus-sound/","2026-01-13T00:00:00","H:/Desaka\stoten\Full_13.01.2026\StotenOutput.csv"
"Stoten","TIBHAR - Smash 28 R","https://www.stoten.cz/vnitrni/tibhar-smash-28-r/","2026-01-13T00:00:00","H:/Desaka\stoten\Full_13.01.2026\StotenOutput.csv"
"Stoten","TIBHAR - Smash 28 SC “W”","https://www.stoten.cz/vnitrni/tibhar-smash-28-sc--w-/","2026-01-13T00:00:00","H:/Desaka\stoten\Full_13.01.2026\StotenOutput.csv"
"Stoten","TIBHAR - SMASH ALL","https://www.stoten.cz/all/tibhar-smash-all/","2026-01-13T00:00:00","H:/Desaka\stoten\Full_13.01.2026\StotenOutput.csv"
"Stoten","TIBHAR - Smash Black Line","https://www.stoten.cz/vnitrni/tibhar-smash-black-line/","2026-01-13T00:00:00","H:/Desaka\stoten\Full_13.01.2026\StotenOutput.csv"
"Stoten","Tibhar - Smash Pro","https://www.stoten.cz/tricka/tibhar-smash-pro/","2026-01-13T00:00:00","H:/Desaka\stoten\Full_13.01.2026\StotenOutput.csv"
"Stoten","Tibhar - Smash PRO ručník","https://www.stoten.cz/rucniky/tibhar-smash-pro-rucnik/","2026-01-13T00:00:00","H:/Desaka\stoten\Full_13.01.2026\StotenOutput.csv"
"Stoten","TIBHAR - Smash síťka","https://www.stoten.cz/sitky/tibhar-smash-sitka/","2026-01-13T00:00:00","H:/Desaka\stoten\Full_13.01.2026\StotenOutput.csv"
"Stoten","Tibhar - SOL","https://www.stoten.cz/tricka/tibhar-sol/","2026-01-13T00:00:00","H:/Desaka\stoten\Full_13.01.2026\StotenOutput.csv"
"Stoten","TIBHAR - souprava Club","https://www.stoten.cz/soupravy/tibhar-souprava-club/","2026-01-13T00:00:00","H:/Desaka\stoten\Full_13.01.2026\StotenOutput.csv"
"Stoten","Tibhar - Space polokošile","https://www.stoten.cz/polokosile/tibhar-space-polokosile-2/","2026-01-13T00:00:00","H:/Desaka\stoten\Full_13.01.2026\StotenOutput.csv"
"Stoten","TIBHAR - Spectra","https://www.stoten.cz/polokosile/tibhar-spectra/","2026-01-13T00:00:00","H:/Desaka\stoten\Full_13.01.2026\StotenOutput.csv"
"Stoten","Tibhar - Speedy Soft D.TecS","https://www.stoten.cz/sedvice/speedy-soft-d-tecs/","2026-01-13T00:00:00","H:/Desaka\stoten\Full_13.01.2026\StotenOutput.csv"
"Stoten","TIBHAR - Speedy Soft D.Tecs XD","https://www.stoten.cz/sedvice/tibhar-speedy-soft-d-tecs-xd/","2026-01-13T00:00:00","H:/Desaka\stoten\Full_13.01.2026\StotenOutput.csv"
"Stoten","TIBHAR - Speedy Soft MY","https://www.stoten.cz/sedvice/tibhar-speedy-soft-my/","2026-01-13T00:00:00","H:/Desaka\stoten\Full_13.01.2026\StotenOutput.csv"
"Stoten","Tibhar - Speedy soft XD","https://www.stoten.cz/sedvice/tibhar-speedy-soft-xd/","2026-01-13T00:00:00","H:/Desaka\stoten\Full_13.01.2026\StotenOutput.csv"
"Stoten","TIBHAR - Spider Neo","https://www.stoten.cz/obuv/tibhar-spider-neo/","2026-01-13T00:00:00","H:/Desaka\stoten\Full_13.01.2026\StotenOutput.csv"
"Stoten","TIBHAR - Spin Trainer","https://www.stoten.cz/treninkove-pomucky/tibhar-spin-trainer/","2026-01-13T00:00:00","H:/Desaka\stoten\Full_13.01.2026\StotenOutput.csv"
"Stoten","Tibhar - Storm Chaser","https://www.stoten.cz/obuv/tibhar-storm-chaser/","2026-01-13T00:00:00","H:/Desaka\stoten\Full_13.01.2026\StotenOutput.csv"
"Stoten","TIBHAR - Stratus Powerdefense","https://www.stoten.cz/dreva/tibhar-stratus-powerdefense/","2026-01-13T00:00:00","H:/Desaka\stoten\Full_13.01.2026\StotenOutput.csv"
"Stoten","TIBHAR - Stratus Powerwood","https://www.stoten.cz/dreva/tibhar-stratus-powerwood/","2026-01-13T00:00:00","H:/Desaka\stoten\Full_13.01.2026\StotenOutput.csv"
"Stoten","TIBHAR - Stripe","https://www.stoten.cz/polokosile/tibhar-stripe/","2026-01-13T00:00:00","H:/Desaka\stoten\Full_13.01.2026\StotenOutput.csv"
"Stoten","Tibhar - Stripe šortky","https://www.stoten.cz/sortky/tibhar-stipe-sortky/","2026-01-13T00:00:00","H:/Desaka\stoten\Full_13.01.2026\StotenOutput.csv"
"Stoten","Tibhar - Super Defense 40","https://www.stoten.cz/softy-obranne/super-defense-40/","2026-01-13T00:00:00","H:/Desaka\stoten\Full_13.01.2026\StotenOutput.csv"
"Stoten","Tibhar - Super Defense 40 soft","https://www.stoten.cz/softy-obranne/super-defense-40-soft/","2026-01-13T00:00:00","H:/Desaka\stoten\Full_13.01.2026\StotenOutput.csv"
"Stoten","Tibhar - Super Grip Tape","https://www.stoten.cz/omotavky-na-drevo/tibhar-super-grip-tape/","2026-01-13T00:00:00","H:/Desaka\stoten\Full_13.01.2026\StotenOutput.csv"
"Stoten","Tibhar - Super Sonic Prolight","https://www.stoten.cz/obuv/tibhar-super-sonic-prolight/","2026-01-13T00:00:00","H:/Desaka\stoten\Full_13.01.2026\StotenOutput.csv"
"Stoten","Tibhar - Sydney dvojité pouzdro","https://www.stoten.cz/na-2-palky/tibhar-sydney-dvojite-pouzdro/","2026-01-13T00:00:00","H:/Desaka\stoten\Full_13.01.2026\StotenOutput.csv"
"Stoten","Tibhar - šortky LC","https://www.stoten.cz/sortky/tibhar-sortky-lc/","2026-01-13T00:00:00","H:/Desaka\stoten\Full_13.01.2026\StotenOutput.csv"
"Stoten","Tibhar - tašky Deluxe","https://www.stoten.cz/tasky/tibhar-tasky-deluxe/","2026-01-13T00:00:00","H:/Desaka\stoten\Full_13.01.2026\StotenOutput.csv"
"Stoten","Tibhar - Techno Power Contact","https://www.stoten.cz/dreva/tibhar-techno-power-contact/","2026-01-13T00:00:00","H:/Desaka\stoten\Full_13.01.2026\StotenOutput.csv"
"Stoten","Tibhar - Terra šortky","https://www.stoten.cz/sortky/tibhar-terra-sortky/","2026-01-13T00:00:00","H:/Desaka\stoten\Full_13.01.2026\StotenOutput.csv"
"Stoten","Tibhar - Thunder polokošile","https://www.stoten.cz/polokosile/tibhar-thunder-polokosile/","2026-01-13T00:00:00","H:/Desaka\stoten\Full_13.01.2026\StotenOutput.csv"
"Stoten","Tibhar - TIBHARlette pantofle","https://www.stoten.cz/obuv/tibhar-tibharlette-pantofle/","2026-01-13T00:00:00","H:/Desaka\stoten\Full_13.01.2026\StotenOutput.csv"
"Stoten","Tibhar - TOLEDO TURBO","https://www.stoten.cz/obuv/tibhar-toledo-turbo/","2026-01-13T00:00:00","H:/Desaka\stoten\Full_13.01.2026\StotenOutput.csv"
"Stoten","Tibhar - Trend","https://www.stoten.cz/polokosile/tibhar-trend/","2026-01-13T00:00:00","H:/Desaka\stoten\Full_13.01.2026\StotenOutput.csv"
"Stoten","Tibhar - Trend šortky 2023","https://www.stoten.cz/sortky/tibhar-trend-sortky/","2026-01-13T00:00:00","H:/Desaka\stoten\Full_13.01.2026\StotenOutput.csv"
"Stoten","Tibhar - Trend TS","https://www.stoten.cz/soupravy/tibhar-trend-ts/","2026-01-13T00:00:00","H:/Desaka\stoten\Full_13.01.2026\StotenOutput.csv"
"Stoten","TIBHAR - Triple Carbon","https://www.stoten.cz/dreva/tibhar-triple-carbon/","2026-01-13T00:00:00","H:/Desaka\stoten\Full_13.01.2026\StotenOutput.csv"
"Stoten","TIBHAR - TripleX","https://www.stoten.cz/polokosile/tibhar-triplex/","2026-01-13T00:00:00","H:/Desaka\stoten\Full_13.01.2026\StotenOutput.csv"
"Stoten","Tibhar - Váleček na potahy","https://www.stoten.cz/doplnky-2/valecek-na-potahy/","2026-01-13T00:00:00","H:/Desaka\stoten\Full_13.01.2026\StotenOutput.csv"
"Stoten","Tibhar - VariSpin D.TecS","https://www.stoten.cz/softy-univerzalni/varispin-d-tecs/","2026-01-13T00:00:00","H:/Desaka\stoten\Full_13.01.2026\StotenOutput.csv"
"Stoten","Tibhar - Vibe","https://www.stoten.cz/polokosile/tibhar-vibe/","2026-01-13T00:00:00","H:/Desaka\stoten\Full_13.01.2026\StotenOutput.csv"
"Stoten","Tibhar - Volcano+","https://www.stoten.cz/softy-univerzalni/tibhar-volcano-/","2026-01-13T00:00:00","H:/Desaka\stoten\Full_13.01.2026\StotenOutput.csv"
"Stoten","Tibhar - VS Unlimited","https://www.stoten.cz/off-2/vs-unlimited/","2026-01-13T00:00:00","H:/Desaka\stoten\Full_13.01.2026\StotenOutput.csv"
"Stoten","Tibhar - XXX Orange Edition","https://www.stoten.cz/hobby-palky/tibhar-xxx-orange-edition/","2026-01-13T00:00:00","H:/Desaka\stoten\Full_13.01.2026\StotenOutput.csv"
"Stoten","Tibhar - XXX SZOCS","https://www.stoten.cz/hobby-palky/tibhar-xxx-szocs/","2026-01-13T00:00:00","H:/Desaka\stoten\Full_13.01.2026\StotenOutput.csv"
"Stoten","Tibhar - ZODIAC LIBRA ZAC","https://www.stoten.cz/off/tibhar-zodiac-libra-zac/","2026-01-13T00:00:00","H:/Desaka\stoten\Full_13.01.2026\StotenOutput.csv"
"Stoten","Tibhar -Hybrid MK FX","https://www.stoten.cz/softy-utocne/tibhar-hybrid-mk-fx/","2026-01-13T00:00:00","H:/Desaka\stoten\Full_13.01.2026\StotenOutput.csv"
"Stoten","Tibhar -Hybrid MK PRO","https://www.stoten.cz/softy-utocne/tibhar-hybrid-mk-pro/","2026-01-13T00:00:00","H:/Desaka\stoten\Full_13.01.2026\StotenOutput.csv"
"Stoten","Tibhar -XXX Green Edition","https://www.stoten.cz/hobby-palky/tibhar-xxx-green-edition/","2026-01-13T00:00:00","H:/Desaka\stoten\Full_13.01.2026\StotenOutput.csv"
"Stoten","Tibhar 40+ SYNTT*** - 3 kusy","https://www.stoten.cz/plastove/tibhar-40--syntt-3-kusy/","2026-01-13T00:00:00","H:/Desaka\stoten\Full_13.01.2026\StotenOutput.csv"
"Stoten","TIBHAR CO-S-3","https://www.stoten.cz/def/tibhar-co-s-3/","2026-01-13T00:00:00","H:/Desaka\stoten\Full_13.01.2026\StotenOutput.csv"
"Stoten","Tibhar Rapid Soft","https://www.stoten.cz/softy-utocne/tibhar-rapid-soft/","2026-01-13T00:00:00","H:/Desaka\stoten\Full_13.01.2026\StotenOutput.csv"
"Stoten","TIBHAR-Kratos","https://www.stoten.cz/dreva/tibhar-kratos/","2026-01-13T00:00:00","H:/Desaka\stoten\Full_13.01.2026\StotenOutput.csv"
"Stoten","trenink.míčky Spinballs","https://www.stoten.cz/celuloidove/trenink-micky-spinballs/","2026-01-13T00:00:00","H:/Desaka\stoten\Full_13.01.2026\StotenOutput.csv"
"Stoten","TSP - Alaska","https://www.stoten.cz/vyprodej/alaska/","2026-01-13T00:00:00","H:/Desaka\stoten\Full_13.01.2026\StotenOutput.csv"
"Stoten","TSP - Altero","https://www.stoten.cz/off/altero/","2026-01-13T00:00:00","H:/Desaka\stoten\Full_13.01.2026\StotenOutput.csv"
"Stoten","TSP - Curl P3 Alpha R","https://www.stoten.cz/travy/curl-p3-alpha-r/","2026-01-13T00:00:00","H:/Desaka\stoten\Full_13.01.2026\StotenOutput.csv"
"Stoten","TSP - Diamond Grid XT","https://www.stoten.cz/vyprodej/tsp-diamond-grid-xt/","2026-01-13T00:00:00","H:/Desaka\stoten\Full_13.01.2026\StotenOutput.csv"
"Stoten","TSP - Kanjo Feeling OFF","https://www.stoten.cz/off/kanjo-feeling-off/","2026-01-13T00:00:00","H:/Desaka\stoten\Full_13.01.2026\StotenOutput.csv"
"Stoten","TSP - Millitall II","https://www.stoten.cz/travy/millitall-ii/","2026-01-13T00:00:00","H:/Desaka\stoten\Full_13.01.2026\StotenOutput.csv"
"Stoten","TSP - Tameo souprava","https://www.stoten.cz/vyprodej/tsp-tameo-souprava/","2026-01-13T00:00:00","H:/Desaka\stoten\Full_13.01.2026\StotenOutput.csv"
"Stoten","TSP - Triple 21","https://www.stoten.cz/softy-utocne/triple-21/","2026-01-13T00:00:00","H:/Desaka\stoten\Full_13.01.2026\StotenOutput.csv"
"Stoten","TT Metal - Brutal","https://www.stoten.cz/travy/tt-metal-brutal/","2026-01-13T00:00:00","H:/Desaka\stoten\Full_13.01.2026\StotenOutput.csv"
"Stoten","Tuning potahu","https://www.stoten.cz/potahy/tuning-potahu/","2026-01-13T00:00:00","H:/Desaka\stoten\Full_13.01.2026\StotenOutput.csv"
"Stoten","VICTAS - Curl P1V","https://www.stoten.cz/travy/victas-curl-p1v/","2026-01-13T00:00:00","H:/Desaka\stoten\Full_13.01.2026\StotenOutput.csv"
"Stoten","VICTAS - Curl P5V","https://www.stoten.cz/travy/victas-curl-p5v/","2026-01-13T00:00:00","H:/Desaka\stoten\Full_13.01.2026\StotenOutput.csv"
"Stoten","Victas - Quartet Speed II","https://www.stoten.cz/off/quartet-speed-ii/","2026-01-13T00:00:00","H:/Desaka\stoten\Full_13.01.2026\StotenOutput.csv"
"Stoten","VICTAS - Spectol S1","https://www.stoten.cz/sedvice/victas-spectol-s1/","2026-01-13T00:00:00","H:/Desaka\stoten\Full_13.01.2026\StotenOutput.csv"
"Stoten","VICTAS - Spectol S2","https://www.stoten.cz/sedvice/victas-spectol-s2/","2026-01-13T00:00:00","H:/Desaka\stoten\Full_13.01.2026\StotenOutput.csv"
"Stoten","VICTAS - Spectol S3","https://www.stoten.cz/sedvice/victas-spectol-s3/","2026-01-13T00:00:00","H:/Desaka\stoten\Full_13.01.2026\StotenOutput.csv"
"Stoten","Victas - trenink.kolo Spin-Rad","https://www.stoten.cz/treninkove-pomucky/trenink-kolo-spin-rad/","2026-01-13T00:00:00","H:/Desaka\stoten\Full_13.01.2026\StotenOutput.csv"
"Stoten","VICTAS - Triple Extra","https://www.stoten.cz/softy-utocne/victas-triple-extra/","2026-01-13T00:00:00","H:/Desaka\stoten\Full_13.01.2026\StotenOutput.csv"
"Stoten","VICTAS - Triple Regular","https://www.stoten.cz/softy-univerzalni/victas-triple-regular/","2026-01-13T00:00:00","H:/Desaka\stoten\Full_13.01.2026\StotenOutput.csv"
"Stoten","VICTAS - V > 11 Extra","https://www.stoten.cz/softy-utocne/victas-v-11-extra/","2026-01-13T00:00:00","H:/Desaka\stoten\Full_13.01.2026\StotenOutput.csv"
"Stoten","VICTAS - V > 20 Double Extra","https://www.stoten.cz/softy-utocne/victas-v-20-double-extra/","2026-01-13T00:00:00","H:/Desaka\stoten\Full_13.01.2026\StotenOutput.csv"
"Stoten","Victas - V 01","https://www.stoten.cz/softy-utocne/v-01/","2026-01-13T00:00:00","H:/Desaka\stoten\Full_13.01.2026\StotenOutput.csv"
"Stoten","Victas - V 01 Limber","https://www.stoten.cz/softy-utocne/v-01-limber/","2026-01-13T00:00:00","H:/Desaka\stoten\Full_13.01.2026\StotenOutput.csv"
"Stoten","Victas - V 01 Stiff","https://www.stoten.cz/softy-utocne/v-01-stiff/","2026-01-13T00:00:00","H:/Desaka\stoten\Full_13.01.2026\StotenOutput.csv"
"Stoten","VICTAS - V0 > 103","https://www.stoten.cz/potahy-2/victas-v0-103/","2026-01-13T00:00:00","H:/Desaka\stoten\Full_13.01.2026\StotenOutput.csv"
"Stoten","Victas - V15 Extra","https://www.stoten.cz/softy-utocne/v15-extra/","2026-01-13T00:00:00","H:/Desaka\stoten\Full_13.01.2026\StotenOutput.csv"
"Stoten","Victas - V15 Limber","https://www.stoten.cz/softy-utocne/v15-limber/","2026-01-13T00:00:00","H:/Desaka\stoten\Full_13.01.2026\StotenOutput.csv"
"Stoten","VICTAS - V15 STIFF","https://www.stoten.cz/softy-utocne/victas-v15-stiff/","2026-01-13T00:00:00","H:/Desaka\stoten\Full_13.01.2026\StotenOutput.csv"
"Stoten","VICTAS - Ventus Extra","https://www.stoten.cz/softy-utocne/victas-ventus-extra/","2026-01-13T00:00:00","H:/Desaka\stoten\Full_13.01.2026\StotenOutput.csv"
"Stoten","VICTAS - Ventus Limber","https://www.stoten.cz/softy-utocne/victas-ventus-limber/","2026-01-13T00:00:00","H:/Desaka\stoten\Full_13.01.2026\StotenOutput.csv"
"Stoten","VICTAS - VJ > 07 Limber","https://www.stoten.cz/potahy-2/victas-vj-07-stiff/","2026-01-13T00:00:00","H:/Desaka\stoten\Full_13.01.2026\StotenOutput.csv"
"Stoten","VICTAS - VJ > 07 Regular","https://www.stoten.cz/potahy-2/victas-vj-07-regular/","2026-01-13T00:00:00","H:/Desaka\stoten\Full_13.01.2026\StotenOutput.csv"
"Stoten","VICTAS - VJ > 07 Stiff","https://www.stoten.cz/potahy-2/victas-vjc-07-sticky-extra-2/","2026-01-13T00:00:00","H:/Desaka\stoten\Full_13.01.2026\StotenOutput.csv"
"Stoten","VICTAS - VJC > 07 Sticky Extra","https://www.stoten.cz/potahy-2/victas-vjc-07-sticky-extra/","2026-01-13T00:00:00","H:/Desaka\stoten\Full_13.01.2026\StotenOutput.csv"
"Stoten","Victas - VLB 301","https://www.stoten.cz/sedvice/vlb-301/","2026-01-13T00:00:00","H:/Desaka\stoten\Full_13.01.2026\StotenOutput.csv"
"Stoten","Victas - VO 101","https://www.stoten.cz/sedvice/vo-101/","2026-01-13T00:00:00","H:/Desaka\stoten\Full_13.01.2026\StotenOutput.csv"
"Stoten","Victas - VS 401","https://www.stoten.cz/softy-univerzalni/vs-401/","2026-01-13T00:00:00","H:/Desaka\stoten\Full_13.01.2026\StotenOutput.csv"
"Stoten","Victas - VS 402 Double Extra","https://www.stoten.cz/softy-univerzalni/vs-402-double-extra/","2026-01-13T00:00:00","H:/Desaka\stoten\Full_13.01.2026\StotenOutput.csv"
"Stoten","Victas - VS 402 Limber","https://www.stoten.cz/softy-utocne/vs-402-limber/","2026-01-13T00:00:00","H:/Desaka\stoten\Full_13.01.2026\StotenOutput.csv"
"Stoten","VICTAS - ZX-GEAR IN","https://www.stoten.cz/dreva-2/victas-zx-gear-in/","2026-01-13T00:00:00","H:/Desaka\stoten\Full_13.01.2026\StotenOutput.csv"
"Stoten","VICTAS V > 22 Double Extra","https://www.stoten.cz/softy-utocne/victas-v-22-double-extra/","2026-01-13T00:00:00","H:/Desaka\stoten\Full_13.01.2026\StotenOutput.csv"
"Stoten","VICTAS Ventus Regular Alpha","https://www.stoten.cz/softy-univerzalni/victas-ventus-regular-alpha/","2026-01-13T00:00:00","H:/Desaka\stoten\Full_13.01.2026\StotenOutput.csv"
"Stoten","XIOM - 36.5 ALX","https://www.stoten.cz/off/xiom-36-5-alx/","2026-01-13T00:00:00","H:/Desaka\stoten\Full_13.01.2026\StotenOutput.csv"
"Stoten","Xiom - Daniel 3 pants","https://www.stoten.cz/vyprodej/xiom-daniel-3-pants/","2026-01-13T00:00:00","H:/Desaka\stoten\Full_13.01.2026\StotenOutput.csv"
"Stoten","Xiom - Extreme S","https://www.stoten.cz/off-2/extreme-s/","2026-01-13T00:00:00","H:/Desaka\stoten\Full_13.01.2026\StotenOutput.csv"
"Stoten","XIOM - Fuga","https://www.stoten.cz/off-/xiom-fuga/","2026-01-13T00:00:00","H:/Desaka\stoten\Full_13.01.2026\StotenOutput.csv"
"Stoten","Xiom - Ice Cream AZX","https://www.stoten.cz/dreva-2/xiom-ice-cream-azx/","2026-01-13T00:00:00","H:/Desaka\stoten\Full_13.01.2026\StotenOutput.csv"
"Stoten","XIOM - Ice Cream AZXi","https://www.stoten.cz/dreva-2/xiom-ice-cream-azxi/","2026-01-13T00:00:00","H:/Desaka\stoten\Full_13.01.2026\StotenOutput.csv"
"Stoten","XIOM - Jekyll & Hyde V47.5","https://www.stoten.cz/softy-utocne/xiom-jekyll-hyde-v47-5/","2026-01-13T00:00:00","H:/Desaka\stoten\Full_13.01.2026\StotenOutput.csv"
"Stoten","XIOM - Jekyll & Hyde V52.5","https://www.stoten.cz/softy-utocne/xiom-jekyll-hyde-v52-5/","2026-01-13T00:00:00","H:/Desaka\stoten\Full_13.01.2026\StotenOutput.csv"
"Stoten","XIOM - Jekyll & Hyde Z52.5","https://www.stoten.cz/softy-utocne/xiom-jekyll-hyde-z52-5/","2026-01-13T00:00:00","H:/Desaka\stoten\Full_13.01.2026\StotenOutput.csv"
"Stoten","Xiom - Omega 7 Asia","https://www.stoten.cz/potahy-2/xiom-omega-7-asia/","2026-01-13T00:00:00","H:/Desaka\stoten\Full_13.01.2026\StotenOutput.csv"
"Stoten","XIOM - Omega 7 EU","https://www.stoten.cz/softy-utocne/xiom-omega-7-eu/","2026-01-13T00:00:00","H:/Desaka\stoten\Full_13.01.2026\StotenOutput.csv"
"Stoten","XIOM - Omega 7 China Guang","https://www.stoten.cz/softy-univerzalni/xiom-omega-7-china-guang/","2026-01-13T00:00:00","H:/Desaka\stoten\Full_13.01.2026\StotenOutput.csv"
"Stoten","XIOM - Omega 7 PRO","https://www.stoten.cz/softy-utocne/xiom-omega-7-pro/","2026-01-13T00:00:00","H:/Desaka\stoten\Full_13.01.2026\StotenOutput.csv"
"Stoten","Xiom - Omega 7 Tour","https://www.stoten.cz/potahy-2/xiom-omega-7-tour/","2026-01-13T00:00:00","H:/Desaka\stoten\Full_13.01.2026\StotenOutput.csv"
"Stoten","Xiom - Omega V EU DF","https://www.stoten.cz/softy-utocne/omega-v-eu-df/","2026-01-13T00:00:00","H:/Desaka\stoten\Full_13.01.2026\StotenOutput.csv"
"Stoten","Xiom - Omega V Euro","https://www.stoten.cz/softy-utocne/omega-v-euro/","2026-01-13T00:00:00","H:/Desaka\stoten\Full_13.01.2026\StotenOutput.csv"
"Stoten","Xiom - Omega V PRO","https://www.stoten.cz/softy-utocne/omega-v-pro/","2026-01-13T00:00:00","H:/Desaka\stoten\Full_13.01.2026\StotenOutput.csv"
"Stoten","Xiom - Omega V Tour","https://www.stoten.cz/softy-utocne/omega-v-tour/","2026-01-13T00:00:00","H:/Desaka\stoten\Full_13.01.2026\StotenOutput.csv"
"Stoten","Xiom - Omega V TOUR DF","https://www.stoten.cz/softy-utocne/omega-v-tour-df/","2026-01-13T00:00:00","H:/Desaka\stoten\Full_13.01.2026\StotenOutput.csv"
"Stoten","Xiom - Stradivarius Novus","https://www.stoten.cz/off-2/stradivarius-2/","2026-01-13T00:00:00","H:/Desaka\stoten\Full_13.01.2026\StotenOutput.csv"
"Stoten","XIOM - TMXi An JaeHyun","https://www.stoten.cz/off/xiom-tmxi-an-jaehyun/","2026-01-13T00:00:00","H:/Desaka\stoten\Full_13.01.2026\StotenOutput.csv"
"Stoten","Xiom - Vega Asia","https://www.stoten.cz/softy-utocne/xiom-vega-asia/","2026-01-13T00:00:00","H:/Desaka\stoten\Full_13.01.2026\StotenOutput.csv"
"Stoten","Xiom - Vega Asia DF","https://www.stoten.cz/softy-utocne/vega-asia-df/","2026-01-13T00:00:00","H:/Desaka\stoten\Full_13.01.2026\StotenOutput.csv"
"Stoten","Xiom - Vega Elite","https://www.stoten.cz/softy-utocne/vega-elite/","2026-01-13T00:00:00","H:/Desaka\stoten\Full_13.01.2026\StotenOutput.csv"
"Stoten","Xiom - Vega Euro","https://www.stoten.cz/softy-utocne/vega-euro-2/","2026-01-13T00:00:00","H:/Desaka\stoten\Full_13.01.2026\StotenOutput.csv"
"Stoten","Xiom - Vega Euro DF","https://www.stoten.cz/softy-utocne/vega-euro-df/","2026-01-13T00:00:00","H:/Desaka\stoten\Full_13.01.2026\StotenOutput.csv"
"Stoten","XIOM - VEGA CHINA","https://www.stoten.cz/softy-utocne/xiom-vega-china/","2026-01-13T00:00:00","H:/Desaka\stoten\Full_13.01.2026\StotenOutput.csv"
"Stoten","Xiom - Vega Japan","https://www.stoten.cz/softy-utocne/vega-japan/","2026-01-13T00:00:00","H:/Desaka\stoten\Full_13.01.2026\StotenOutput.csv"
"Stoten","XIOM - VEGA TOUR","https://www.stoten.cz/softy-univerzalni/xiom-vega-tour/","2026-01-13T00:00:00","H:/Desaka\stoten\Full_13.01.2026\StotenOutput.csv"
"Stoten","Yasaka - Extra 3D","https://www.stoten.cz/off/extra-3d/","2026-01-13T00:00:00","H:/Desaka\stoten\Full_13.01.2026\StotenOutput.csv"
"Stoten","Yasaka - Mark V","https://www.stoten.cz/softy-utocne/mark-v/","2026-01-13T00:00:00","H:/Desaka\stoten\Full_13.01.2026\StotenOutput.csv"
"Stoten","Yasaka - Mark V GPS","https://www.stoten.cz/softy-utocne/mark-v-gps/","2026-01-13T00:00:00","H:/Desaka\stoten\Full_13.01.2026\StotenOutput.csv"
"Stoten","Yasaka - Mark V HPS","https://www.stoten.cz/softy-utocne/mark-v-hps/","2026-01-13T00:00:00","H:/Desaka\stoten\Full_13.01.2026\StotenOutput.csv"
"Stoten","Yasaka - Mark V HPS Soft","https://www.stoten.cz/softy-utocne/mark-v-hps-soft/","2026-01-13T00:00:00","H:/Desaka\stoten\Full_13.01.2026\StotenOutput.csv"
"Stoten","Yasaka - Mark V XS","https://www.stoten.cz/softy-utocne/mark-v-xs/","2026-01-13T00:00:00","H:/Desaka\stoten\Full_13.01.2026\StotenOutput.csv"
"Stoten","Yasaka - Phantom 0011","https://www.stoten.cz/travy/phantom-0011/","2026-01-13T00:00:00","H:/Desaka\stoten\Full_13.01.2026\StotenOutput.csv"
"Stoten","Yasaka - Phantom 0012","https://www.stoten.cz/travy/phantom-0012/","2026-01-13T00:00:00","H:/Desaka\stoten\Full_13.01.2026\StotenOutput.csv"
"Stoten","Yasaka - Rakza 7","https://www.stoten.cz/softy-utocne/rakza-7/","2026-01-13T00:00:00","H:/Desaka\stoten\Full_13.01.2026\StotenOutput.csv"
"Stoten","Yasaka - Rakza 7 Soft","https://www.stoten.cz/softy-utocne/rakza-7-soft/","2026-01-13T00:00:00","H:/Desaka\stoten\Full_13.01.2026\StotenOutput.csv"
"Stoten","Yasaka - Rakza 9","https://www.stoten.cz/softy-utocne/rakza-9/","2026-01-13T00:00:00","H:/Desaka\stoten\Full_13.01.2026\StotenOutput.csv"
"Stoten","Yasaka - Rakza X","https://www.stoten.cz/softy-utocne/rakza-x/","2026-01-13T00:00:00","H:/Desaka\stoten\Full_13.01.2026\StotenOutput.csv"
"Stoten","Yasaka - Rakza X Soft","https://www.stoten.cz/softy-utocne/rakza-x-soft/","2026-01-13T00:00:00","H:/Desaka\stoten\Full_13.01.2026\StotenOutput.csv"
"Stoten","Yasaka - Rakza XX","https://www.stoten.cz/potahy/yasaka-rakza-xx/","2026-01-13T00:00:00","H:/Desaka\stoten\Full_13.01.2026\StotenOutput.csv"
"Stoten","Yasaka - Rakza Z","https://www.stoten.cz/softy-utocne/yasaka-rakza-z/","2026-01-13T00:00:00","H:/Desaka\stoten\Full_13.01.2026\StotenOutput.csv"
"Stoten","Yasaka - Rising Dragon II","https://www.stoten.cz/potahy/yasaka-rising-dragon-ii/","2026-01-13T00:00:00","H:/Desaka\stoten\Full_13.01.2026\StotenOutput.csv"
"Stoten","Yasaka - Shining Dragon II","https://www.stoten.cz/softy-utocne/yasaka-shining-dragon-ii/","2026-01-13T00:00:00","H:/Desaka\stoten\Full_13.01.2026\StotenOutput.csv"
"Stoten","Yasaka - Short","https://www.stoten.cz/vyprodej/yasaka-short/","2026-01-13T00:00:00","H:/Desaka\stoten\Full_13.01.2026\StotenOutput.csv"
"Stoten","Yinhe - H40+ T.T.Ball","https://www.stoten.cz/plastove/yinhe-h40--t-t-ball/","2026-01-13T00:00:00","H:/Desaka\stoten\Full_13.01.2026\StotenOutput.csv"
"Stoten","záchytná síť PRACTICE","https://www.stoten.cz/treninkove-pomucky/zachytna-sit-practice-2/","2026-01-13T00:00:00","H:/Desaka\stoten\Full_13.01.2026\StotenOutput.csv"
"VseNaStolniTenis","andro-Čelenka Pro Line","https://www.vsenastolnitenis.cz/cz/textil/celenky-50/celenka-pro-line-15392507","2026-01-13T00:00:00","H:/Desaka\vsenastolnitenis\Full_13.01.2026\VseNaStolniTenisOutput.csv"
"VseNaStolniTenis","andro-Hexer Powersponge","https://www.vsenastolnitenis.cz/cz/potahy/softy-utocne-26/hexer-powersponge-15001205","2026-01-13T00:00:00","H:/Desaka\vsenastolnitenis\Full_13.01.2026\VseNaStolniTenisOutput.csv"
"VseNaStolniTenis","andro-Hexer+","https://www.vsenastolnitenis.cz/cz/potahy/softy-utocne-26/hexer-15001204","2026-01-13T00:00:00","H:/Desaka\vsenastolnitenis\Full_13.01.2026\VseNaStolniTenisOutput.csv"
"VseNaStolniTenis","andro-Houbička jelenicová","https://www.vsenastolnitenis.cz/cz/doplnky/cistice-potahu-125/houbicka-jelenicova-15612403","2026-01-13T00:00:00","H:/Desaka\vsenastolnitenis\Full_13.01.2026\VseNaStolniTenisOutput.csv"
"VseNaStolniTenis","andro-Impuls Powersponge","https://www.vsenastolnitenis.cz/cz/potahy/softy-utocne-26/impuls-powersponge-15001218","2026-01-13T00:00:00","H:/Desaka\vsenastolnitenis\Full_13.01.2026\VseNaStolniTenisOutput.csv"
"VseNaStolniTenis","andro-Impuls Speed","https://www.vsenastolnitenis.cz/cz/potahy/softy-utocne-26/impuls-speed-15001217","2026-01-13T00:00:00","H:/Desaka\vsenastolnitenis\Full_13.01.2026\VseNaStolniTenisOutput.csv"
"VseNaStolniTenis","andro-Inizio Blue OFF","https://www.vsenastolnitenis.cz/cz/dreva/off-24/inizio-blue-off-15102502","2026-01-13T00:00:00","H:/Desaka\vsenastolnitenis\Full_13.01.2026\VseNaStolniTenisOutput.csv"
"VseNaStolniTenis","andro-Inizio Green ALL","https://www.vsenastolnitenis.cz/cz/dreva/all-21/inizio-green-all-15102501","2026-01-13T00:00:00","H:/Desaka\vsenastolnitenis\Full_13.01.2026\VseNaStolniTenisOutput.csv"
"VseNaStolniTenis","andro-Kaja","https://www.vsenastolnitenis.cz/cz/textil/sukne-41/kaja-15332401","2026-01-13T00:00:00","H:/Desaka\vsenastolnitenis\Full_13.01.2026\VseNaStolniTenisOutput.csv"
"VseNaStolniTenis","andro-Kanter FO ALL/S","https://www.vsenastolnitenis.cz/cz/dreva/all-22/kanter-fo-all-s-15102426","2026-01-13T00:00:00","H:/Desaka\vsenastolnitenis\Full_13.01.2026\VseNaStolniTenisOutput.csv"
"VseNaStolniTenis","andro-Kanter FO OFF","https://www.vsenastolnitenis.cz/cz/dreva/off-24/kanter-fo-off-15102410","2026-01-13T00:00:00","H:/Desaka\vsenastolnitenis\Full_13.01.2026\VseNaStolniTenisOutput.csv"
"VseNaStolniTenis","andro-Kufřík Alu Double Black Star","https://www.vsenastolnitenis.cz/cz/doplnky/pouzdra-120/kufrik-alu-double-black-star-15512501","2026-01-13T00:00:00","H:/Desaka\vsenastolnitenis\Full_13.01.2026\VseNaStolniTenisOutput.csv"
"VseNaStolniTenis","andro-Lanton","https://www.vsenastolnitenis.cz/cz/textil/polokosile-38/lanton-15302504","2026-01-13T00:00:00","H:/Desaka\vsenastolnitenis\Full_13.01.2026\VseNaStolniTenisOutput.csv"
"VseNaStolniTenis","andro-Lanton Women","https://www.vsenastolnitenis.cz/cz/textil/tricka-39/lanton-women-15312512","2026-01-13T00:00:00","H:/Desaka\vsenastolnitenis\Full_13.01.2026\VseNaStolniTenisOutput.csv"
"VseNaStolniTenis","andro-Lavor","https://www.vsenastolnitenis.cz/cz/textil/polokosile-38/lavor-15302405","2026-01-13T00:00:00","H:/Desaka\vsenastolnitenis\Full_13.01.2026\VseNaStolniTenisOutput.csv"
"VseNaStolniTenis","andro-Lavor Women","https://www.vsenastolnitenis.cz/cz/textil/tricka-39/lavor-women-15312404","2026-01-13T00:00:00","H:/Desaka\vsenastolnitenis\Full_13.01.2026\VseNaStolniTenisOutput.csv"
"VseNaStolniTenis","andro-Likya","https://www.vsenastolnitenis.cz/cz/textil/tricka-39/likya-15312515","2026-01-13T00:00:00","H:/Desaka\vsenastolnitenis\Full_13.01.2026\VseNaStolniTenisOutput.csv"
"VseNaStolniTenis","andro-Maboon na 2 pálky","https://www.vsenastolnitenis.cz/cz/doplnky/pouzdra-120/maboon-na-2-palky-15512410","2026-01-13T00:00:00","H:/Desaka\vsenastolnitenis\Full_13.01.2026\VseNaStolniTenisOutput.csv"
"VseNaStolniTenis","andro-Melange Alpha","https://www.vsenastolnitenis.cz/cz/textil/tricka-39/melange-alpha-15312405","2026-01-13T00:00:00","H:/Desaka\vsenastolnitenis\Full_13.01.2026\VseNaStolniTenisOutput.csv"
"VseNaStolniTenis","andro-Melange Alpha 2024","https://www.vsenastolnitenis.cz/cz/textil/tricka-39/melange-alpha-2024-15312521","2026-01-13T00:00:00","H:/Desaka\vsenastolnitenis\Full_13.01.2026\VseNaStolniTenisOutput.csv"
"VseNaStolniTenis","andro-Moriva Double","https://www.vsenastolnitenis.cz/cz/doplnky/pouzdra-120/moriva-double-15512520","2026-01-13T00:00:00","H:/Desaka\vsenastolnitenis\Full_13.01.2026\VseNaStolniTenisOutput.csv"
"VseNaStolniTenis","andro-Moriva obrys","https://www.vsenastolnitenis.cz/cz/doplnky/pouzdra-120/moriva-obrys-15512506","2026-01-13T00:00:00","H:/Desaka\vsenastolnitenis\Full_13.01.2026\VseNaStolniTenisOutput.csv"
"VseNaStolniTenis","andro-Moriva Single","https://www.vsenastolnitenis.cz/cz/doplnky/pouzdra-120/moriva-pouzdro-na-1-palku-15512522","2026-01-13T00:00:00","H:/Desaka\vsenastolnitenis\Full_13.01.2026\VseNaStolniTenisOutput.csv"
"VseNaStolniTenis","andro-Nagaja","https://www.vsenastolnitenis.cz/cz/textil/tricka-39/nagaja-15312513","2026-01-13T00:00:00","H:/Desaka\vsenastolnitenis\Full_13.01.2026\VseNaStolniTenisOutput.csv"
"VseNaStolniTenis","andro-Nayton","https://www.vsenastolnitenis.cz/cz/textil/polokosile-38/nayton-15302520","2026-01-13T00:00:00","H:/Desaka\vsenastolnitenis\Full_13.01.2026\VseNaStolniTenisOutput.csv"
"VseNaStolniTenis","andro-Niveau","https://www.vsenastolnitenis.cz/cz/stoly/sitky-117/niveau-15812401","2026-01-13T00:00:00","H:/Desaka\vsenastolnitenis\Full_13.01.2026\VseNaStolniTenisOutput.csv"
"VseNaStolniTenis","andro-Novacell ALL/S","https://www.vsenastolnitenis.cz/cz/dreva/all-22/novacell-all-s-15102406","2026-01-13T00:00:00","H:/Desaka\vsenastolnitenis\Full_13.01.2026\VseNaStolniTenisOutput.csv"
"VseNaStolniTenis","andro-Novacell OFF/S","https://www.vsenastolnitenis.cz/cz/dreva/off-25/novacell-off-s-15102408","2026-01-13T00:00:00","H:/Desaka\vsenastolnitenis\Full_13.01.2026\VseNaStolniTenisOutput.csv"
"VseNaStolniTenis","andro-NUZN 45","https://www.vsenastolnitenis.cz/cz/potahy/softy-utocne-26/nuzn-45-15002502","2026-01-13T00:00:00","H:/Desaka\vsenastolnitenis\Full_13.01.2026\VseNaStolniTenisOutput.csv"
"VseNaStolniTenis","andro-NUZN 48","https://www.vsenastolnitenis.cz/cz/potahy/softy-utocne-26/nuzn-48-15002501","2026-01-13T00:00:00","H:/Desaka\vsenastolnitenis\Full_13.01.2026\VseNaStolniTenisOutput.csv"
"VseNaStolniTenis","andro-Opus TT","https://www.vsenastolnitenis.cz/cz/stoly/sitky-117/opus-tt-15812402","2026-01-13T00:00:00","H:/Desaka\vsenastolnitenis\Full_13.01.2026\VseNaStolniTenisOutput.csv"
"VseNaStolniTenis","andro-Pace","https://www.vsenastolnitenis.cz/cz/textil/ponozky-54/pace-15452401","2026-01-13T00:00:00","H:/Desaka\vsenastolnitenis\Full_13.01.2026\VseNaStolniTenisOutput.csv"
"VseNaStolniTenis","andro-Panji","https://www.vsenastolnitenis.cz/cz/textil/tricka-39/panji-15312506","2026-01-13T00:00:00","H:/Desaka\vsenastolnitenis\Full_13.01.2026\VseNaStolniTenisOutput.csv"
"VseNaStolniTenis","andro-Plasma 500S","https://www.vsenastolnitenis.cz/cz/potahy/softy-utocne-26/plasma-500s-15002504","2026-01-13T00:00:00","H:/Desaka\vsenastolnitenis\Full_13.01.2026\VseNaStolniTenisOutput.csv"
"VseNaStolniTenis","andro-Potítko Alpha","https://www.vsenastolnitenis.cz/cz/textil/potitka-49/potitko-alpha-15392405","2026-01-13T00:00:00","H:/Desaka\vsenastolnitenis\Full_13.01.2026\VseNaStolniTenisOutput.csv"
"VseNaStolniTenis","andro-Rasant Chaos","https://www.vsenastolnitenis.cz/cz/potahy/travy-30/rasant-chaos-15001701","2026-01-13T00:00:00","H:/Desaka\vsenastolnitenis\Full_13.01.2026\VseNaStolniTenisOutput.csv"
"VseNaStolniTenis","andro-Rasanter C45","https://www.vsenastolnitenis.cz/cz/potahy/softy-utocne-26/rasanter-c45-15002404","2026-01-13T00:00:00","H:/Desaka\vsenastolnitenis\Full_13.01.2026\VseNaStolniTenisOutput.csv"
"VseNaStolniTenis","andro-Rasanter C48","https://www.vsenastolnitenis.cz/cz/potahy/softy-utocne-26/rasanter-c48-15002201","2026-01-13T00:00:00","H:/Desaka\vsenastolnitenis\Full_13.01.2026\VseNaStolniTenisOutput.csv"
"VseNaStolniTenis","andro-Rasanter C53","https://www.vsenastolnitenis.cz/cz/potahy/softy-utocne-26/rasanter-c53-15002202","2026-01-13T00:00:00","H:/Desaka\vsenastolnitenis\Full_13.01.2026\VseNaStolniTenisOutput.csv"
"VseNaStolniTenis","andro-Rasanter R37","https://www.vsenastolnitenis.cz/cz/potahy/softy-utocne-26/rasanter-r37-15001702","2026-01-13T00:00:00","H:/Desaka\vsenastolnitenis\Full_13.01.2026\VseNaStolniTenisOutput.csv"
"VseNaStolniTenis","andro-Rasanter R42","https://www.vsenastolnitenis.cz/cz/potahy/softy-utocne-26/rasanter-r42-15001703","2026-01-13T00:00:00","H:/Desaka\vsenastolnitenis\Full_13.01.2026\VseNaStolniTenisOutput.csv"
"VseNaStolniTenis","andro-Rasanter R45","https://www.vsenastolnitenis.cz/cz/potahy/softy-utocne-26/rasanter-r45-15002101","2026-01-13T00:00:00","H:/Desaka\vsenastolnitenis\Full_13.01.2026\VseNaStolniTenisOutput.csv"
"VseNaStolniTenis","andro-Rasanter R47","https://www.vsenastolnitenis.cz/cz/potahy/softy-utocne-26/rasanter-r47-15001704","2026-01-13T00:00:00","H:/Desaka\vsenastolnitenis\Full_13.01.2026\VseNaStolniTenisOutput.csv"
"VseNaStolniTenis","andro-Rasanter R48","https://www.vsenastolnitenis.cz/cz/potahy/softy-utocne-26/rasanter-r48-15002002","2026-01-13T00:00:00","H:/Desaka\vsenastolnitenis\Full_13.01.2026\VseNaStolniTenisOutput.csv"
"VseNaStolniTenis","andro-Rasanter R50","https://www.vsenastolnitenis.cz/cz/potahy/softy-utocne-26/rasanter-r50-15001705","2026-01-13T00:00:00","H:/Desaka\vsenastolnitenis\Full_13.01.2026\VseNaStolniTenisOutput.csv"
"VseNaStolniTenis","andro-Rasanter R53","https://www.vsenastolnitenis.cz/cz/potahy/softy-utocne-26/rasanter-r53-15002001","2026-01-13T00:00:00","H:/Desaka\vsenastolnitenis\Full_13.01.2026\VseNaStolniTenisOutput.csv"
"VseNaStolniTenis","andro-Rasanter V42","https://www.vsenastolnitenis.cz/cz/potahy/softy-utocne-26/rasanter-v42-15001706","2026-01-13T00:00:00","H:/Desaka\vsenastolnitenis\Full_13.01.2026\VseNaStolniTenisOutput.csv"
"VseNaStolniTenis","andro-Rasanter V47","https://www.vsenastolnitenis.cz/cz/potahy/softy-utocne-26/rasanter-v47-15001707","2026-01-13T00:00:00","H:/Desaka\vsenastolnitenis\Full_13.01.2026\VseNaStolniTenisOutput.csv"
"VseNaStolniTenis","andro-Shifter","https://www.vsenastolnitenis.cz/cz/potahy/softy-utocne-26/shifter-15001214","2026-01-13T00:00:00","H:/Desaka\vsenastolnitenis\Full_13.01.2026\VseNaStolniTenisOutput.csv"
"VseNaStolniTenis","andro-Sintra na 2 pálky","https://www.vsenastolnitenis.cz/cz/doplnky/pouzdra-120/sintra-na-2-palky-15512408","2026-01-13T00:00:00","H:/Desaka\vsenastolnitenis\Full_13.01.2026\VseNaStolniTenisOutput.csv"
"VseNaStolniTenis","andro-Speedball ***3S 40+ (3 ks)","https://www.vsenastolnitenis.cz/cz/micky/zavodni-plastove-76/speedball-3s-40-3-ks-15702401","2026-01-13T00:00:00","H:/Desaka\vsenastolnitenis\Full_13.01.2026\VseNaStolniTenisOutput.csv"
"VseNaStolniTenis","andro-Speedball ***3S 40+ (72 ks)","https://www.vsenastolnitenis.cz/cz/micky/zavodni-plastove-76/speedball-3s-40-72-ks-15702403","2026-01-13T00:00:00","H:/Desaka\vsenastolnitenis\Full_13.01.2026\VseNaStolniTenisOutput.csv"
"VseNaStolniTenis","andro-Speedball ***3S 40+ (9 ks)","https://www.vsenastolnitenis.cz/cz/micky/zavodni-plastove-76/speedball-3s-40-9-ks-15702402","2026-01-13T00:00:00","H:/Desaka\vsenastolnitenis\Full_13.01.2026\VseNaStolniTenisOutput.csv"
"VseNaStolniTenis","andro-Synteliac VCI","https://www.vsenastolnitenis.cz/cz/dreva/off-24/synteliac-vci-15102428","2026-01-13T00:00:00","H:/Desaka\vsenastolnitenis\Full_13.01.2026\VseNaStolniTenisOutput.csv"
"VseNaStolniTenis","andro-Synteliac VCO","https://www.vsenastolnitenis.cz/cz/dreva/off-24/synteliac-vco-15102427","2026-01-13T00:00:00","H:/Desaka\vsenastolnitenis\Full_13.01.2026\VseNaStolniTenisOutput.csv"
"VseNaStolniTenis","andro-Synteliac ZCI","https://www.vsenastolnitenis.cz/cz/dreva/off-24/synteliac-zci-15102430","2026-01-13T00:00:00","H:/Desaka\vsenastolnitenis\Full_13.01.2026\VseNaStolniTenisOutput.csv"
"VseNaStolniTenis","andro-Synteliac ZCO","https://www.vsenastolnitenis.cz/cz/dreva/off-25/synteliac-zco-15102429","2026-01-13T00:00:00","H:/Desaka\vsenastolnitenis\Full_13.01.2026\VseNaStolniTenisOutput.csv"
"VseNaStolniTenis","andro-Tarox","https://www.vsenastolnitenis.cz/cz/textil/sortky-40/tarox-15322404","2026-01-13T00:00:00","H:/Desaka\vsenastolnitenis\Full_13.01.2026\VseNaStolniTenisOutput.csv"
"VseNaStolniTenis","andro-Timber 5 ALL","https://www.vsenastolnitenis.cz/cz/dreva/all-21/timber-5-all-15102424","2026-01-13T00:00:00","H:/Desaka\vsenastolnitenis\Full_13.01.2026\VseNaStolniTenisOutput.csv"
"VseNaStolniTenis","andro-Timber 5 ALL Black","https://www.vsenastolnitenis.cz/cz/dreva/all-21/timber-5-all-black-15102425","2026-01-13T00:00:00","H:/Desaka\vsenastolnitenis\Full_13.01.2026\VseNaStolniTenisOutput.csv"
"VseNaStolniTenis","andro-Timber 5 ALL/S","https://www.vsenastolnitenis.cz/cz/dreva/all-22/timber-5-all-s-15102402","2026-01-13T00:00:00","H:/Desaka\vsenastolnitenis\Full_13.01.2026\VseNaStolniTenisOutput.csv"
"VseNaStolniTenis","andro-Timber 5 DEF","https://www.vsenastolnitenis.cz/cz/dreva/def-19/timber-5-def-15102401","2026-01-13T00:00:00","H:/Desaka\vsenastolnitenis\Full_13.01.2026\VseNaStolniTenisOutput.csv"
"VseNaStolniTenis","andro-Timber 5 OFF","https://www.vsenastolnitenis.cz/cz/dreva/off-24/timber-5-off-15102403","2026-01-13T00:00:00","H:/Desaka\vsenastolnitenis\Full_13.01.2026\VseNaStolniTenisOutput.csv"
"VseNaStolniTenis","andro-Timber 7 OFF/S","https://www.vsenastolnitenis.cz/cz/dreva/off-25/timber-7-off-s-15102405","2026-01-13T00:00:00","H:/Desaka\vsenastolnitenis\Full_13.01.2026\VseNaStolniTenisOutput.csv"
"VseNaStolniTenis","andro-Tooper","https://www.vsenastolnitenis.cz/cz/textil/tricka-39/tooper-15312401","2026-01-13T00:00:00","H:/Desaka\vsenastolnitenis\Full_13.01.2026\VseNaStolniTenisOutput.csv"
"VseNaStolniTenis","andro-Torin","https://www.vsenastolnitenis.cz/cz/textil/sortky-40/torin-15322402","2026-01-13T00:00:00","H:/Desaka\vsenastolnitenis\Full_13.01.2026\VseNaStolniTenisOutput.csv"
"VseNaStolniTenis","andro-TP Ligna ALL","https://www.vsenastolnitenis.cz/cz/dreva/all-21/tp-ligna-all-15102417","2026-01-13T00:00:00","H:/Desaka\vsenastolnitenis\Full_13.01.2026\VseNaStolniTenisOutput.csv"
"VseNaStolniTenis","andro-TP Ligna Basalt Inner OFF","https://www.vsenastolnitenis.cz/cz/dreva/off-24/tp-ligna-basalt-inner-off-15102503","2026-01-13T00:00:00","H:/Desaka\vsenastolnitenis\Full_13.01.2026\VseNaStolniTenisOutput.csv"
"VseNaStolniTenis","andro-TP Ligna CI OFF","https://www.vsenastolnitenis.cz/cz/dreva/off-24/tp-ligna-ci-off-15102415","2026-01-13T00:00:00","H:/Desaka\vsenastolnitenis\Full_13.01.2026\VseNaStolniTenisOutput.csv"
"VseNaStolniTenis","andro-TP Ligna CO OFF","https://www.vsenastolnitenis.cz/cz/dreva/off-24/tp-ligna-co-off-15102416","2026-01-13T00:00:00","H:/Desaka\vsenastolnitenis\Full_13.01.2026\VseNaStolniTenisOutput.csv"
"VseNaStolniTenis","andro-TP Ligna DEF","https://www.vsenastolnitenis.cz/cz/dreva/def-19/tp-ligna-def-15102504","2026-01-13T00:00:00","H:/Desaka\vsenastolnitenis\Full_13.01.2026\VseNaStolniTenisOutput.csv"
"VseNaStolniTenis","andro-Treiber CI OFF","https://www.vsenastolnitenis.cz/cz/dreva/off-24/treiber-ci-off-15102413","2026-01-13T00:00:00","H:/Desaka\vsenastolnitenis\Full_13.01.2026\VseNaStolniTenisOutput.csv"
"VseNaStolniTenis","andro-Treiber CO ALL/S","https://www.vsenastolnitenis.cz/cz/dreva/all-22/treiber-co-all-s-15102431","2026-01-13T00:00:00","H:/Desaka\vsenastolnitenis\Full_13.01.2026\VseNaStolniTenisOutput.csv"
"VseNaStolniTenis","andro-Treiber CO OFF/S","https://www.vsenastolnitenis.cz/cz/dreva/off-25/treiber-co-off-s-15102414","2026-01-13T00:00:00","H:/Desaka\vsenastolnitenis\Full_13.01.2026\VseNaStolniTenisOutput.csv"
"VseNaStolniTenis","andro-Treiber FI OFF","https://www.vsenastolnitenis.cz/cz/dreva/off-24/treiber-fi-off-15102411","2026-01-13T00:00:00","H:/Desaka\vsenastolnitenis\Full_13.01.2026\VseNaStolniTenisOutput.csv"
"VseNaStolniTenis","andro-Treiber FO OFF/S","https://www.vsenastolnitenis.cz/cz/dreva/off-25/treiber-fo-off-s-15102412","2026-01-13T00:00:00","H:/Desaka\vsenastolnitenis\Full_13.01.2026\VseNaStolniTenisOutput.csv"
"VseNaStolniTenis","andro-Tylos","https://www.vsenastolnitenis.cz/cz/textil/tricka-39/tylos-15312526","2026-01-13T00:00:00","H:/Desaka\vsenastolnitenis\Full_13.01.2026\VseNaStolniTenisOutput.csv"
"VseNaStolniTenis","andro-Wanokiwami AO OFF","https://www.vsenastolnitenis.cz/cz/dreva/off-24/wanokiwami-ao-off-15102433","2026-01-13T00:00:00","H:/Desaka\vsenastolnitenis\Full_13.01.2026\VseNaStolniTenisOutput.csv"
"VseNaStolniTenis","andro-Wanokiwami Midori DEF","https://www.vsenastolnitenis.cz/cz/dreva/def-19/wanokiwami-midori-def-15102434","2026-01-13T00:00:00","H:/Desaka\vsenastolnitenis\Full_13.01.2026\VseNaStolniTenisOutput.csv"
"VseNaStolniTenis","andro-ZeroT *** (3 ks)","https://www.vsenastolnitenis.cz/cz/micky/zavodni-plastove-76/zerot-3-ks-15702404","2026-01-13T00:00:00","H:/Desaka\vsenastolnitenis\Full_13.01.2026\VseNaStolniTenisOutput.csv"
"VseNaStolniTenis","andro-ZeroT *** (72 ks)","https://www.vsenastolnitenis.cz/cz/micky/zavodni-plastove-76/zerot-72-ks-15702405","2026-01-13T00:00:00","H:/Desaka\vsenastolnitenis\Full_13.01.2026\VseNaStolniTenisOutput.csv"
"VseNaStolniTenis","Barna Original-Extra Spin","https://www.vsenastolnitenis.cz/cz/potahy/softy-univerzalni-27/extra-spin-53002405","2026-01-13T00:00:00","H:/Desaka\vsenastolnitenis\Full_13.01.2026\VseNaStolniTenisOutput.csv"
"VseNaStolniTenis","Barna Original-Extra Spin Speed","https://www.vsenastolnitenis.cz/cz/potahy/softy-utocne-26/extra-spin-speed-53002406","2026-01-13T00:00:00","H:/Desaka\vsenastolnitenis\Full_13.01.2026\VseNaStolniTenisOutput.csv"
"VseNaStolniTenis","Barna Original-Legend Long","https://www.vsenastolnitenis.cz/cz/potahy/travy-30/legend-long-53002402","2026-01-13T00:00:00","H:/Desaka\vsenastolnitenis\Full_13.01.2026\VseNaStolniTenisOutput.csv"
"VseNaStolniTenis","Barna Original-Spin Trick","https://www.vsenastolnitenis.cz/cz/potahy/travy-30/spin-trick-53002404","2026-01-13T00:00:00","H:/Desaka\vsenastolnitenis\Full_13.01.2026\VseNaStolniTenisOutput.csv"
"VseNaStolniTenis","Barna Original-Virus 2","https://www.vsenastolnitenis.cz/cz/potahy/travy-30/virus-2-53002401","2026-01-13T00:00:00","H:/Desaka\vsenastolnitenis\Full_13.01.2026\VseNaStolniTenisOutput.csv"
"VseNaStolniTenis","Blackstone-ALL 80","https://www.vsenastolnitenis.cz/cz/dreva/all-22/33101303","2026-01-13T00:00:00","H:/Desaka\vsenastolnitenis\Full_13.01.2026\VseNaStolniTenisOutput.csv"
"VseNaStolniTenis","Blackstone-ALL 82","https://www.vsenastolnitenis.cz/cz/dreva/all-22/33101304","2026-01-13T00:00:00","H:/Desaka\vsenastolnitenis\Full_13.01.2026\VseNaStolniTenisOutput.csv"
"VseNaStolniTenis","Blackstone-OFF 90","https://www.vsenastolnitenis.cz/cz/dreva/off-24/blackstone-off-90-33101402","2026-01-13T00:00:00","H:/Desaka\vsenastolnitenis\Full_13.01.2026\VseNaStolniTenisOutput.csv"
"VseNaStolniTenis","BUTTERFLY-Abiko","https://www.vsenastolnitenis.cz/cz/textil/tricka-39/abiko-10312509","2026-01-13T00:00:00","H:/Desaka\vsenastolnitenis\Full_13.01.2026\VseNaStolniTenisOutput.csv"
"VseNaStolniTenis","BUTTERFLY-Ageo","https://www.vsenastolnitenis.cz/cz/textil/tricka-39/ageo-10312510","2026-01-13T00:00:00","H:/Desaka\vsenastolnitenis\Full_13.01.2026\VseNaStolniTenisOutput.csv"
"VseNaStolniTenis","BUTTERFLY-Aibiss","https://www.vsenastolnitenis.cz/cz/potahy/softy-utocne-26/aibiss-10002004","2026-01-13T00:00:00","H:/Desaka\vsenastolnitenis\Full_13.01.2026\VseNaStolniTenisOutput.csv"
"VseNaStolniTenis","BUTTERFLY-Amultart ZLC","https://www.vsenastolnitenis.cz/cz/dreva/pro-sberatele-353/amultart-zlc-10102302","2026-01-13T00:00:00","H:/Desaka\vsenastolnitenis\Full_13.01.2026\VseNaStolniTenisOutput.csv"
"VseNaStolniTenis","BUTTERFLY-Anjo","https://www.vsenastolnitenis.cz/cz/textil/ponozky-54/anjo-10452304","2026-01-13T00:00:00","H:/Desaka\vsenastolnitenis\Full_13.01.2026\VseNaStolniTenisOutput.csv"
"VseNaStolniTenis","BUTTERFLY-Anniversary 70","https://www.vsenastolnitenis.cz/cz/akcni-nabidka/tricka-a-polokosile-81/anniversary-70-10312101","2026-01-13T00:00:00","H:/Desaka\vsenastolnitenis\Full_13.01.2026\VseNaStolniTenisOutput.csv"
"VseNaStolniTenis","BUTTERFLY-Apolonia ZLC","https://www.vsenastolnitenis.cz/cz/dreva/off-24/butterfly-apolonia-zlc-10101602","2026-01-13T00:00:00","H:/Desaka\vsenastolnitenis\Full_13.01.2026\VseNaStolniTenisOutput.csv"
"VseNaStolniTenis","BUTTERFLY-Atamy","https://www.vsenastolnitenis.cz/cz/textil/polokosile-38/butterfly-atamy-10302007","2026-01-13T00:00:00","H:/Desaka\vsenastolnitenis\Full_13.01.2026\VseNaStolniTenisOutput.csv"
"VseNaStolniTenis","BUTTERFLY-Avio","https://www.vsenastolnitenis.cz/cz/akcni-nabidka/soupravy-102/avio-10371503","2026-01-13T00:00:00","H:/Desaka\vsenastolnitenis\Full_13.01.2026\VseNaStolniTenisOutput.csv"
"VseNaStolniTenis","BUTTERFLY-Avio Lady","https://www.vsenastolnitenis.cz/cz/textil/bundy-46/butterfly-avio-lady-10371504","2026-01-13T00:00:00","H:/Desaka\vsenastolnitenis\Full_13.01.2026\VseNaStolniTenisOutput.csv"
"VseNaStolniTenis","BUTTERFLY-Balsa Carbo X5","https://www.vsenastolnitenis.cz/cz/dreva/off-24/balsa-carbo-x5-22-10102203","2026-01-13T00:00:00","H:/Desaka\vsenastolnitenis\Full_13.01.2026\VseNaStolniTenisOutput.csv"
"VseNaStolniTenis","BUTTERFLY-BD Case II","https://www.vsenastolnitenis.cz/cz/doplnky/pouzdra-120/bd-case-ii-10512501","2026-01-13T00:00:00","H:/Desaka\vsenastolnitenis\Full_13.01.2026\VseNaStolniTenisOutput.csv"
"VseNaStolniTenis","BUTTERFLY-Bez potisku (1 ks)","https://www.vsenastolnitenis.cz/cz/micky/treninkove-plastove-77/butterfly-bez-potisku-1-ks-10701801","2026-01-13T00:00:00","H:/Desaka\vsenastolnitenis\Full_13.01.2026\VseNaStolniTenisOutput.csv"
"VseNaStolniTenis","BUTTERFLY-Bez potisku (144 ks)","https://www.vsenastolnitenis.cz/cz/micky/treninkove-plastove-77/bez-potisku-144-ks-10701803","2026-01-13T00:00:00","H:/Desaka\vsenastolnitenis\Full_13.01.2026\VseNaStolniTenisOutput.csv"
"VseNaStolniTenis","BUTTERFLY-Boll Crossline","https://www.vsenastolnitenis.cz/cz/stoly/venkovni-67/butterfly-boll-crossline-10802001","2026-01-13T00:00:00","H:/Desaka\vsenastolnitenis\Full_13.01.2026\VseNaStolniTenisOutput.csv"
"VseNaStolniTenis","BUTTERFLY-Boll Diamond","https://www.vsenastolnitenis.cz/cz/palky/rekreacni-do-1-000-kc-281/boll-diamond-10202204","2026-01-13T00:00:00","H:/Desaka\vsenastolnitenis\Full_13.01.2026\VseNaStolniTenisOutput.csv"
"VseNaStolniTenis","BUTTERFLY-Boll Forte III","https://www.vsenastolnitenis.cz/cz/dreva/off-23/boll-forte-iii-10102103","2026-01-13T00:00:00","H:/Desaka\vsenastolnitenis\Full_13.01.2026\VseNaStolniTenisOutput.csv"
"VseNaStolniTenis","BUTTERFLY-Boll Fortissimo","https://www.vsenastolnitenis.cz/cz/dreva/off-24/boll-fortissimo-10102101","2026-01-13T00:00:00","H:/Desaka\vsenastolnitenis\Full_13.01.2026\VseNaStolniTenisOutput.csv"
"VseNaStolniTenis","BUTTERFLY-Boll Mezzoforte","https://www.vsenastolnitenis.cz/cz/dreva/all-22/boll-mezzoforte-10102102","2026-01-13T00:00:00","H:/Desaka\vsenastolnitenis\Full_13.01.2026\VseNaStolniTenisOutput.csv"
"VseNaStolniTenis","BUTTERFLY-Boll Repulse","https://www.vsenastolnitenis.cz/cz/stoly/vnitrni-66/butterfly-boll-repulse-10802003","2026-01-13T00:00:00","H:/Desaka\vsenastolnitenis\Full_13.01.2026\VseNaStolniTenisOutput.csv"
"VseNaStolniTenis","BUTTERFLY-Boll Ruby","https://www.vsenastolnitenis.cz/cz/palky/rekreacni-do-1-000-kc-281/boll-ruby-10202203","2026-01-13T00:00:00","H:/Desaka\vsenastolnitenis\Full_13.01.2026\VseNaStolniTenisOutput.csv"
"VseNaStolniTenis","BUTTERFLY-Boll Sapphire","https://www.vsenastolnitenis.cz/cz/palky/rekreacni-do-1-000-kc-281/boll-sapphire-10202202","2026-01-13T00:00:00","H:/Desaka\vsenastolnitenis\Full_13.01.2026\VseNaStolniTenisOutput.csv"
"VseNaStolniTenis","BUTTERFLY-Boll Smaragd","https://www.vsenastolnitenis.cz/cz/akcni-nabidka/palky-106/boll-smaragd-10202201","2026-01-13T00:00:00","H:/Desaka\vsenastolnitenis\Full_13.01.2026\VseNaStolniTenisOutput.csv"
"VseNaStolniTenis","BUTTERFLY-Bugller","https://www.vsenastolnitenis.cz/cz/potahy/sendvice-31/bugller-10002501","2026-01-13T00:00:00","H:/Desaka\vsenastolnitenis\Full_13.01.2026\VseNaStolniTenisOutput.csv"
"VseNaStolniTenis","BUTTERFLY-Cell Case I","https://www.vsenastolnitenis.cz/cz/doplnky/pouzdra-120/butterfly-cell-case-i-10511706","2026-01-13T00:00:00","H:/Desaka\vsenastolnitenis\Full_13.01.2026\VseNaStolniTenisOutput.csv"
"VseNaStolniTenis","BUTTERFLY-Cell Case II","https://www.vsenastolnitenis.cz/cz/doplnky/pouzdra-120/butterfly-cell-case-ii-10511707","2026-01-13T00:00:00","H:/Desaka\vsenastolnitenis\Full_13.01.2026\VseNaStolniTenisOutput.csv"
"VseNaStolniTenis","BUTTERFLY-Centrefold 25","https://www.vsenastolnitenis.cz/cz/stoly/vnitrni-66/centrefold-25-10801202","2026-01-13T00:00:00","H:/Desaka\vsenastolnitenis\Full_13.01.2026\VseNaStolniTenisOutput.csv"
"VseNaStolniTenis","BUTTERFLY-Club","https://www.vsenastolnitenis.cz/cz/stoly/sitky-117/butterfly-club-10811802","2026-01-13T00:00:00","H:/Desaka\vsenastolnitenis\Full_13.01.2026\VseNaStolniTenisOutput.csv"
"VseNaStolniTenis","BUTTERFLY-Curve Case I","https://www.vsenastolnitenis.cz/cz/doplnky/pouzdra-120/curve-case-i-10512403","2026-01-13T00:00:00","H:/Desaka\vsenastolnitenis\Full_13.01.2026\VseNaStolniTenisOutput.csv"
"VseNaStolniTenis","BUTTERFLY-Curve Case II","https://www.vsenastolnitenis.cz/cz/doplnky/pouzdra-120/curve-case-ii-10512404","2026-01-13T00:00:00","H:/Desaka\vsenastolnitenis\Full_13.01.2026\VseNaStolniTenisOutput.csv"
"VseNaStolniTenis","BUTTERFLY-Cypress G-Max","https://www.vsenastolnitenis.cz/cz/dreva/pro-sberatele-353/cypress-g-max-10102008","2026-01-13T00:00:00","H:/Desaka\vsenastolnitenis\Full_13.01.2026\VseNaStolniTenisOutput.csv"
"VseNaStolniTenis","BUTTERFLY-Cypress V-Max","https://www.vsenastolnitenis.cz/cz/dreva/pro-sberatele-353/cypress-v-max-10102009","2026-01-13T00:00:00","H:/Desaka\vsenastolnitenis\Full_13.01.2026\VseNaStolniTenisOutput.csv"
"VseNaStolniTenis","BUTTERFLY-Čelenka Logo","https://www.vsenastolnitenis.cz/cz/textil/celenky-50/celenka-logo-10392303","2026-01-13T00:00:00","H:/Desaka\vsenastolnitenis\Full_13.01.2026\VseNaStolniTenisOutput.csv"
"VseNaStolniTenis","BUTTERFLY-Čelenka Streak","https://www.vsenastolnitenis.cz/cz/textil/celenky-50/celenka-streak-10392009","2026-01-13T00:00:00","H:/Desaka\vsenastolnitenis\Full_13.01.2026\VseNaStolniTenisOutput.csv"
"VseNaStolniTenis","BUTTERFLY-Daito","https://www.vsenastolnitenis.cz/cz/textil/polokosile-38/daito-10302201","2026-01-13T00:00:00","H:/Desaka\vsenastolnitenis\Full_13.01.2026\VseNaStolniTenisOutput.csv"
"VseNaStolniTenis","BUTTERFLY-Diode Pro","https://www.vsenastolnitenis.cz/cz/dreva/all-21/diode-pro-10102401","2026-01-13T00:00:00","H:/Desaka\vsenastolnitenis\Full_13.01.2026\VseNaStolniTenisOutput.csv"
"VseNaStolniTenis","BUTTERFLY-Diode V","https://www.vsenastolnitenis.cz/cz/dreva/all-22/diode-v-10101901","2026-01-13T00:00:00","H:/Desaka\vsenastolnitenis\Full_13.01.2026\VseNaStolniTenisOutput.csv"
"VseNaStolniTenis","BUTTERFLY-Diplom Korbel","https://www.vsenastolnitenis.cz/cz/doplnky/diplomy-133/butterfly-diplom-korbel-10821502","2026-01-13T00:00:00","H:/Desaka\vsenastolnitenis\Full_13.01.2026\VseNaStolniTenisOutput.csv"
"VseNaStolniTenis","BUTTERFLY-Diplom S40","https://www.vsenastolnitenis.cz/cz/doplnky/diplomy-133/butterfly-diplom-s40-10821504","2026-01-13T00:00:00","H:/Desaka\vsenastolnitenis\Full_13.01.2026\VseNaStolniTenisOutput.csv"
"VseNaStolniTenis","BUTTERFLY-Ebina","https://www.vsenastolnitenis.cz/cz/textil/ponozky-54/ebina-10452402","2026-01-13T00:00:00","H:/Desaka\vsenastolnitenis\Full_13.01.2026\VseNaStolniTenisOutput.csv"
"VseNaStolniTenis","BUTTERFLY-Elite Clip","https://www.vsenastolnitenis.cz/cz/stoly/sitky-117/butterfly-elite-clip-10811203","2026-01-13T00:00:00","H:/Desaka\vsenastolnitenis\Full_13.01.2026\VseNaStolniTenisOutput.csv"
"VseNaStolniTenis","BUTTERFLY-Europa II","https://www.vsenastolnitenis.cz/cz/stoly/sitky-117/europa-ii-10812301","2026-01-13T00:00:00","H:/Desaka\vsenastolnitenis\Full_13.01.2026\VseNaStolniTenisOutput.csv"
"VseNaStolniTenis","BUTTERFLY-Europa II 25","https://www.vsenastolnitenis.cz/cz/stoly/vnitrni-66/europa-ii-25-10802305","2026-01-13T00:00:00","H:/Desaka\vsenastolnitenis\Full_13.01.2026\VseNaStolniTenisOutput.csv"
"VseNaStolniTenis","BUTTERFLY-Europa Light","https://www.vsenastolnitenis.cz/cz/stoly/sitky-117/europa-light-10812601","2026-01-13T00:00:00","H:/Desaka\vsenastolnitenis\Full_13.01.2026\VseNaStolniTenisOutput.csv"
"VseNaStolniTenis","BUTTERFLY-Falcima","https://www.vsenastolnitenis.cz/cz/dreva/off-24/falcima-10102202","2026-01-13T00:00:00","H:/Desaka\vsenastolnitenis\Full_13.01.2026\VseNaStolniTenisOutput.csv"
"VseNaStolniTenis","BUTTERFLY-Fan Zhendong ALC","https://www.vsenastolnitenis.cz/cz/dreva/off-24/fan-zhendong-alc-10102206","2026-01-13T00:00:00","H:/Desaka\vsenastolnitenis\Full_13.01.2026\VseNaStolniTenisOutput.csv"
"VseNaStolniTenis","BUTTERFLY-Fan Zhendong CNF","https://www.vsenastolnitenis.cz/cz/dreva/off-24/fan-zhendong-cnf-10102209","2026-01-13T00:00:00","H:/Desaka\vsenastolnitenis\Full_13.01.2026\VseNaStolniTenisOutput.csv"
"VseNaStolniTenis","BUTTERFLY-Fan Zhendong Super ALC","https://www.vsenastolnitenis.cz/cz/dreva/off-24/fan-zhendong-super-alc-10102205","2026-01-13T00:00:00","H:/Desaka\vsenastolnitenis\Full_13.01.2026\VseNaStolniTenisOutput.csv"
"VseNaStolniTenis","BUTTERFLY-Fan Zhendong Super ZLC","https://www.vsenastolnitenis.cz/cz/dreva/off-24/fan-zhendong-super-zlc-10102207","2026-01-13T00:00:00","H:/Desaka\vsenastolnitenis\Full_13.01.2026\VseNaStolniTenisOutput.csv"
"VseNaStolniTenis","BUTTERFLY-Fan Zhendong ZLC","https://www.vsenastolnitenis.cz/cz/dreva/off-24/fan-zhendong-zlc-10102208","2026-01-13T00:00:00","H:/Desaka\vsenastolnitenis\Full_13.01.2026\VseNaStolniTenisOutput.csv"
"VseNaStolniTenis","BUTTERFLY-Feint AG","https://www.vsenastolnitenis.cz/cz/potahy/travy-30/butterfly-feint-ag-10001225","2026-01-13T00:00:00","H:/Desaka\vsenastolnitenis\Full_13.01.2026\VseNaStolniTenisOutput.csv"
"VseNaStolniTenis","BUTTERFLY-Feint Long 3","https://www.vsenastolnitenis.cz/cz/potahy/travy-30/butterfly-feint-long-3-10001231","2026-01-13T00:00:00","H:/Desaka\vsenastolnitenis\Full_13.01.2026\VseNaStolniTenisOutput.csv"
"VseNaStolniTenis","BUTTERFLY-Feint Long II","https://www.vsenastolnitenis.cz/cz/potahy/travy-30/feint-long-ii-10001229","2026-01-13T00:00:00","H:/Desaka\vsenastolnitenis\Full_13.01.2026\VseNaStolniTenisOutput.csv"
"VseNaStolniTenis","BUTTERFLY-Feint Soft","https://www.vsenastolnitenis.cz/cz/potahy/travy-30/feint-soft-10001230","2026-01-13T00:00:00","H:/Desaka\vsenastolnitenis\Full_13.01.2026\VseNaStolniTenisOutput.csv"
"VseNaStolniTenis","BUTTERFLY-Film III lepivá (1 ks)","https://www.vsenastolnitenis.cz/cz/doplnky/ochranne-folie-127/butterfly-film-iii-lepiva-10621215","2026-01-13T00:00:00","H:/Desaka\vsenastolnitenis\Full_13.01.2026\VseNaStolniTenisOutput.csv"
"VseNaStolniTenis","BUTTERFLY-Free Chack (50 ml)","https://www.vsenastolnitenis.cz/cz/doplnky/lepidla-vodou-reditelna-123/free-chack-50-ml-10601208","2026-01-13T00:00:00","H:/Desaka\vsenastolnitenis\Full_13.01.2026\VseNaStolniTenisOutput.csv"
"VseNaStolniTenis","BUTTERFLY-Free Chack (500 ml)","https://www.vsenastolnitenis.cz/cz/doplnky/lepidla-vodou-reditelna-123/butterfly-free-chack-500-ml-10601203","2026-01-13T00:00:00","H:/Desaka\vsenastolnitenis\Full_13.01.2026\VseNaStolniTenisOutput.csv"
"VseNaStolniTenis","BUTTERFLY-Free Chack (90 ml)","https://www.vsenastolnitenis.cz/cz/doplnky/lepidla-vodou-reditelna-123/butterfly-free-chack-90-ml-10601202","2026-01-13T00:00:00","H:/Desaka\vsenastolnitenis\Full_13.01.2026\VseNaStolniTenisOutput.csv"
"VseNaStolniTenis","BUTTERFLY-Free Chack Pro II (50 ml)","https://www.vsenastolnitenis.cz/cz/doplnky/lepidla-vodou-reditelna-123/free-chack-pro-ii-50-ml-10602101","2026-01-13T00:00:00","H:/Desaka\vsenastolnitenis\Full_13.01.2026\VseNaStolniTenisOutput.csv"
"VseNaStolniTenis","BUTTERFLY-Free Chack Pro II (500 ml)","https://www.vsenastolnitenis.cz/cz/doplnky/lepidla-vodou-reditelna-123/free-chack-pro-ii-500-ml-10602103","2026-01-13T00:00:00","H:/Desaka\vsenastolnitenis\Full_13.01.2026\VseNaStolniTenisOutput.csv"
"VseNaStolniTenis","BUTTERFLY-Free Chack Pro II (90 ml)","https://www.vsenastolnitenis.cz/cz/doplnky/lepidla-vodou-reditelna-123/free-chack-pro-ii-90-ml-10602102","2026-01-13T00:00:00","H:/Desaka\vsenastolnitenis\Full_13.01.2026\VseNaStolniTenisOutput.csv"
"VseNaStolniTenis","BUTTERFLY-Freitas ALC","https://www.vsenastolnitenis.cz/cz/dreva/off-24/butterfly-freitas-alc-10101601","2026-01-13T00:00:00","H:/Desaka\vsenastolnitenis\Full_13.01.2026\VseNaStolniTenisOutput.csv"
"VseNaStolniTenis","BUTTERFLY-Germany 15 kotníkové","https://www.vsenastolnitenis.cz/cz/akcni-nabidka/boty-a-ponozky-101/germany-15-kotnikove-10451508","2026-01-13T00:00:00","H:/Desaka\vsenastolnitenis\Full_13.01.2026\VseNaStolniTenisOutput.csv"
"VseNaStolniTenis","BUTTERFLY-Germany 18 Lady (šortky)","https://www.vsenastolnitenis.cz/cz/akcni-nabidka/sortky-139/germany-18-lady-sortky-10321808","2026-01-13T00:00:00","H:/Desaka\vsenastolnitenis\Full_13.01.2026\VseNaStolniTenisOutput.csv"
"VseNaStolniTenis","BUTTERFLY-Germany 23 kotníkové","https://www.vsenastolnitenis.cz/cz/textil/ponozky-54/germany-23-kotnikove-10452305","2026-01-13T00:00:00","H:/Desaka\vsenastolnitenis\Full_13.01.2026\VseNaStolniTenisOutput.csv"
"VseNaStolniTenis","BUTTERFLY-Hadano","https://www.vsenastolnitenis.cz/cz/akcni-nabidka/soupravy-102/hadano-10372001","2026-01-13T00:00:00","H:/Desaka\vsenastolnitenis\Full_13.01.2026\VseNaStolniTenisOutput.csv"
"VseNaStolniTenis","BUTTERFLY-Hadraw 5","https://www.vsenastolnitenis.cz/cz/dreva/off-24/hadraw-5-10102402","2026-01-13T00:00:00","H:/Desaka\vsenastolnitenis\Full_13.01.2026\VseNaStolniTenisOutput.csv"
"VseNaStolniTenis","BUTTERFLY-Hadraw VR","https://www.vsenastolnitenis.cz/cz/dreva/pro-sberatele-353/hadraw-vr-10101509","2026-01-13T00:00:00","H:/Desaka\vsenastolnitenis\Full_13.01.2026\VseNaStolniTenisOutput.csv"
"VseNaStolniTenis","BUTTERFLY-Hachimaki","https://www.vsenastolnitenis.cz/cz/textil/celenky-50/butterfly-hachimaki-10391902","2026-01-13T00:00:00","H:/Desaka\vsenastolnitenis\Full_13.01.2026\VseNaStolniTenisOutput.csv"
"VseNaStolniTenis","BUTTERFLY-Higo","https://www.vsenastolnitenis.cz/cz/textil/polokosile-38/higo-10302102","2026-01-13T00:00:00","H:/Desaka\vsenastolnitenis\Full_13.01.2026\VseNaStolniTenisOutput.csv"
"VseNaStolniTenis","BUTTERFLY-Higo Lady","https://www.vsenastolnitenis.cz/cz/textil/polokosile-38/higo-lady-10302105","2026-01-13T00:00:00","H:/Desaka\vsenastolnitenis\Full_13.01.2026\VseNaStolniTenisOutput.csv"
"VseNaStolniTenis","BUTTERFLY-Houbička černá/růžová","https://www.vsenastolnitenis.cz/cz/doplnky/cistice-potahu-125/butterfly-houbicka-cerno-ruzova-10611205","2026-01-13T00:00:00","H:/Desaka\vsenastolnitenis\Full_13.01.2026\VseNaStolniTenisOutput.csv"
"VseNaStolniTenis","BUTTERFLY-Houbička jelenicová","https://www.vsenastolnitenis.cz/cz/doplnky/cistice-potahu-125/butterfly-houbicka-jelenicova-10611206","2026-01-13T00:00:00","H:/Desaka\vsenastolnitenis\Full_13.01.2026\VseNaStolniTenisOutput.csv"
"VseNaStolniTenis","BUTTERFLY-Challenger Attack","https://www.vsenastolnitenis.cz/cz/potahy/sendvice-31/butterfly-challenger-attack-10001224","2026-01-13T00:00:00","H:/Desaka\vsenastolnitenis\Full_13.01.2026\VseNaStolniTenisOutput.csv"
"VseNaStolniTenis","BUTTERFLY-Chiara","https://www.vsenastolnitenis.cz/cz/textil/sukne-41/butterfly-chiara-10331701","2026-01-13T00:00:00","H:/Desaka\vsenastolnitenis\Full_13.01.2026\VseNaStolniTenisOutput.csv"
"VseNaStolniTenis","BUTTERFLY-Ikeda","https://www.vsenastolnitenis.cz/cz/akcni-nabidka/soupravy-102/ikeda-10371905","2026-01-13T00:00:00","H:/Desaka\vsenastolnitenis\Full_13.01.2026\VseNaStolniTenisOutput.csv"
"VseNaStolniTenis","BUTTERFLY-Ikeda Lady","https://www.vsenastolnitenis.cz/cz/akcni-nabidka/soupravy-102/ikeda-lady-10371906","2026-01-13T00:00:00","H:/Desaka\vsenastolnitenis\Full_13.01.2026\VseNaStolniTenisOutput.csv"
"VseNaStolniTenis","BUTTERFLY-Ilius B","https://www.vsenastolnitenis.cz/cz/potahy/travy-30/ilius-b-10002102","2026-01-13T00:00:00","H:/Desaka\vsenastolnitenis\Full_13.01.2026\VseNaStolniTenisOutput.csv"
"VseNaStolniTenis","BUTTERFLY-Ilius S","https://www.vsenastolnitenis.cz/cz/potahy/travy-30/ilius-s-10002103","2026-01-13T00:00:00","H:/Desaka\vsenastolnitenis\Full_13.01.2026\VseNaStolniTenisOutput.csv"
"VseNaStolniTenis","BUTTERFLY-Impartial XB","https://www.vsenastolnitenis.cz/cz/potahy/sendvice-31/butterfly-impartial-xb-10001702","2026-01-13T00:00:00","H:/Desaka\vsenastolnitenis\Full_13.01.2026\VseNaStolniTenisOutput.csv"
"VseNaStolniTenis","BUTTERFLY-Impartial XS","https://www.vsenastolnitenis.cz/cz/potahy/sendvice-31/butterfly-impartial-xs-10001701","2026-01-13T00:00:00","H:/Desaka\vsenastolnitenis\Full_13.01.2026\VseNaStolniTenisOutput.csv"
"VseNaStolniTenis","BUTTERFLY-Innershield Layer ZLF","https://www.vsenastolnitenis.cz/cz/dreva/def-19/butterfly-innershield-layer-zlf-10101526","2026-01-13T00:00:00","H:/Desaka\vsenastolnitenis\Full_13.01.2026\VseNaStolniTenisOutput.csv"
"VseNaStolniTenis","BUTTERFLY-Izumo","https://www.vsenastolnitenis.cz/cz/textil/polokosile-38/izumo-10302303","2026-01-13T00:00:00","H:/Desaka\vsenastolnitenis\Full_13.01.2026\VseNaStolniTenisOutput.csv"
"VseNaStolniTenis","BUTTERFLY-Izumo Lady","https://www.vsenastolnitenis.cz/cz/textil/polokosile-38/izumo-lady-10302306","2026-01-13T00:00:00","H:/Desaka\vsenastolnitenis\Full_13.01.2026\VseNaStolniTenisOutput.csv"
"VseNaStolniTenis","BUTTERFLY-Jun Mizutani Super ZLC","https://www.vsenastolnitenis.cz/cz/dreva/off-25/jun-mizutani-super-zlc-10101410","2026-01-13T00:00:00","H:/Desaka\vsenastolnitenis\Full_13.01.2026\VseNaStolniTenisOutput.csv"
"VseNaStolniTenis","BUTTERFLY-Jun Mizutani ZLC","https://www.vsenastolnitenis.cz/cz/dreva/off-24/butterfly-jun-mizutani-zlc-10101522","2026-01-13T00:00:00","H:/Desaka\vsenastolnitenis\Full_13.01.2026\VseNaStolniTenisOutput.csv"
"VseNaStolniTenis","BUTTERFLY-Kanoy Single","https://www.vsenastolnitenis.cz/cz/doplnky/pouzdra-120/kanoy-pouzdro-na-1-palku-10512301","2026-01-13T00:00:00","H:/Desaka\vsenastolnitenis\Full_13.01.2026\VseNaStolniTenisOutput.csv"
"VseNaStolniTenis","BUTTERFLY-Kariya","https://www.vsenastolnitenis.cz/cz/textil/tricka-39/kariya-10312401","2026-01-13T00:00:00","H:/Desaka\vsenastolnitenis\Full_13.01.2026\VseNaStolniTenisOutput.csv"
"VseNaStolniTenis","BUTTERFLY-Kariya Lady","https://www.vsenastolnitenis.cz/cz/textil/tricka-39/kariya-lady-10312406","2026-01-13T00:00:00","H:/Desaka\vsenastolnitenis\Full_13.01.2026\VseNaStolniTenisOutput.csv"
"VseNaStolniTenis","BUTTERFLY-Kashiwa Double","https://www.vsenastolnitenis.cz/cz/doplnky/pouzdra-120/kashiwa-na-2-palky-10512512","2026-01-13T00:00:00","H:/Desaka\vsenastolnitenis\Full_13.01.2026\VseNaStolniTenisOutput.csv"
"VseNaStolniTenis","BUTTERFLY-Kashiwa Trolley","https://www.vsenastolnitenis.cz/cz/doplnky/tasky-118/kashiwa-trolley-10502512","2026-01-13T00:00:00","H:/Desaka\vsenastolnitenis\Full_13.01.2026\VseNaStolniTenisOutput.csv"
"VseNaStolniTenis","BUTTERFLY-Kibako","https://www.vsenastolnitenis.cz/cz/doplnky/pouzdra-120/kibako-10512003","2026-01-13T00:00:00","H:/Desaka\vsenastolnitenis\Full_13.01.2026\VseNaStolniTenisOutput.csv"
"VseNaStolniTenis","BUTTERFLY-Kido","https://www.vsenastolnitenis.cz/cz/akcni-nabidka/textil-81/butterfly-kido-10301608","2026-01-13T00:00:00","H:/Desaka\vsenastolnitenis\Full_13.01.2026\VseNaStolniTenisOutput.csv"
"VseNaStolniTenis","BUTTERFLY-Kido Lady","https://www.vsenastolnitenis.cz/cz/textil/polokosile-38/butterfly-kido-lady-10301613","2026-01-13T00:00:00","H:/Desaka\vsenastolnitenis\Full_13.01.2026\VseNaStolniTenisOutput.csv"
"VseNaStolniTenis","BUTTERFLY-Kijun","https://www.vsenastolnitenis.cz/cz/textil/ponozky-54/kijun-10452302","2026-01-13T00:00:00","H:/Desaka\vsenastolnitenis\Full_13.01.2026\VseNaStolniTenisOutput.csv"
"VseNaStolniTenis","BUTTERFLY-Kijun kotníkové","https://www.vsenastolnitenis.cz/cz/textil/ponozky-54/kijun-kotnikove-10452306","2026-01-13T00:00:00","H:/Desaka\vsenastolnitenis\Full_13.01.2026\VseNaStolniTenisOutput.csv"
"VseNaStolniTenis","BUTTERFLY-Kisa","https://www.vsenastolnitenis.cz/cz/akcni-nabidka/textil-81/kisa-10301908","2026-01-13T00:00:00","H:/Desaka\vsenastolnitenis\Full_13.01.2026\VseNaStolniTenisOutput.csv"
"VseNaStolniTenis","BUTTERFLY-Kitami Double","https://www.vsenastolnitenis.cz/cz/doplnky/pouzdra-120/kitami-pouzdro-na-2-palky-10512402","2026-01-13T00:00:00","H:/Desaka\vsenastolnitenis\Full_13.01.2026\VseNaStolniTenisOutput.csv"
"VseNaStolniTenis","BUTTERFLY-Kitami Single","https://www.vsenastolnitenis.cz/cz/doplnky/pouzdra-120/kitami-pouzdro-na-1-palku-10512401","2026-01-13T00:00:00","H:/Desaka\vsenastolnitenis\Full_13.01.2026\VseNaStolniTenisOutput.csv"
"VseNaStolniTenis","BUTTERFLY-Kitao","https://www.vsenastolnitenis.cz/cz/akcni-nabidka/textil-81/kitao-10301801","2026-01-13T00:00:00","H:/Desaka\vsenastolnitenis\Full_13.01.2026\VseNaStolniTenisOutput.csv"
"VseNaStolniTenis","BUTTERFLY-Kolečko na Space Saver","https://www.vsenastolnitenis.cz/cz/stoly/nahradni-dily-136/kolecko-na-space-saver-10822201","2026-01-13T00:00:00","H:/Desaka\vsenastolnitenis\Full_13.01.2026\VseNaStolniTenisOutput.csv"
"VseNaStolniTenis","BUTTERFLY-Koncovka nohy Space Saver","https://www.vsenastolnitenis.cz/cz/stoly/nahradni-dily-136/koncovka-nohy-space-saver-10821210","2026-01-13T00:00:00","H:/Desaka\vsenastolnitenis\Full_13.01.2026\VseNaStolniTenisOutput.csv"
"VseNaStolniTenis","BUTTERFLY-Korbel (Japan)","https://www.vsenastolnitenis.cz/cz/dreva/off-24/10101234","2026-01-13T00:00:00","H:/Desaka\vsenastolnitenis\Full_13.01.2026\VseNaStolniTenisOutput.csv"
"VseNaStolniTenis","BUTTERFLY-Korbel (Japan) + Rozena","https://www.vsenastolnitenis.cz/cz/palky/zavodni-nad-2-000-kc-284/korbel-japan-rozena-10202404","2026-01-13T00:00:00","H:/Desaka\vsenastolnitenis\Full_13.01.2026\VseNaStolniTenisOutput.csv"
"VseNaStolniTenis","BUTTERFLY-Korbel (Japan) + Tenergy 80","https://www.vsenastolnitenis.cz/cz/palky/zavodni-nad-2-000-kc-284/korbel-japan-tenergy-80-10201905","2026-01-13T00:00:00","H:/Desaka\vsenastolnitenis\Full_13.01.2026\VseNaStolniTenisOutput.csv"
"VseNaStolniTenis","BUTTERFLY-Korbel 500","https://www.vsenastolnitenis.cz/cz/palky/rekreacni-do-500-kc-280/butterfly-korbel-500-10201208","2026-01-13T00:00:00","H:/Desaka\vsenastolnitenis\Full_13.01.2026\VseNaStolniTenisOutput.csv"
"VseNaStolniTenis","BUTTERFLY-Korbel 700","https://www.vsenastolnitenis.cz/cz/palky/rekreacni-do-1-000-kc-281/korbel-700-10201209","2026-01-13T00:00:00","H:/Desaka\vsenastolnitenis\Full_13.01.2026\VseNaStolniTenisOutput.csv"
"VseNaStolniTenis","BUTTERFLY-Korbel 900","https://www.vsenastolnitenis.cz/cz/palky/rekreacni-do-1-000-kc-281/korbel-900-10201210","2026-01-13T00:00:00","H:/Desaka\vsenastolnitenis\Full_13.01.2026\VseNaStolniTenisOutput.csv"
"VseNaStolniTenis","BUTTERFLY-Korbel Outdoor","https://www.vsenastolnitenis.cz/cz/akcni-nabidka/stoly-140/korbel-outdoor-10801209","2026-01-13T00:00:00","H:/Desaka\vsenastolnitenis\Full_13.01.2026\VseNaStolniTenisOutput.csv"
"VseNaStolniTenis","BUTTERFLY-Korbel SK7","https://www.vsenastolnitenis.cz/cz/dreva/off-24/butterfly-korbel-sk7-10101116","2026-01-13T00:00:00","H:/Desaka\vsenastolnitenis\Full_13.01.2026\VseNaStolniTenisOutput.csv"
"VseNaStolniTenis","BUTTERFLY-Korbel SK7 + Sriver FX","https://www.vsenastolnitenis.cz/cz/palky/zavodni-nad-2-000-kc-284/butterfly-korbel-sk7-sriver-fx-10201602","2026-01-13T00:00:00","H:/Desaka\vsenastolnitenis\Full_13.01.2026\VseNaStolniTenisOutput.csv"
"VseNaStolniTenis","BUTTERFLY-Kosay","https://www.vsenastolnitenis.cz/cz/textil/polokosile-38/butterfly-kosay-10302002","2026-01-13T00:00:00","H:/Desaka\vsenastolnitenis\Full_13.01.2026\VseNaStolniTenisOutput.csv"
"VseNaStolniTenis","BUTTERFLY-Kosay Lady","https://www.vsenastolnitenis.cz/cz/textil/polokosile-38/butterfly-kosay-lady-10302005","2026-01-13T00:00:00","H:/Desaka\vsenastolnitenis\Full_13.01.2026\VseNaStolniTenisOutput.csv"
"VseNaStolniTenis","BUTTERFLY-Koš na míčky","https://www.vsenastolnitenis.cz/cz/vybaveni-pro-kluby/ostatni-73/kos-na-micky-10822402","2026-01-13T00:00:00","H:/Desaka\vsenastolnitenis\Full_13.01.2026\VseNaStolniTenisOutput.csv"
"VseNaStolniTenis","BUTTERFLY-Kumpuru","https://www.vsenastolnitenis.cz/cz/dreva/pro-sberatele-353/kumpuru-10102006","2026-01-13T00:00:00","H:/Desaka\vsenastolnitenis\Full_13.01.2026\VseNaStolniTenisOutput.csv"
"VseNaStolniTenis","BUTTERFLY-Kyoto HS 25","https://www.vsenastolnitenis.cz/cz/stoly/vnitrni-66/kyoto-hs-25-10802503","2026-01-13T00:00:00","H:/Desaka\vsenastolnitenis\Full_13.01.2026\VseNaStolniTenisOutput.csv"
"VseNaStolniTenis","BUTTERFLY-Lin Gaoyuan ALC","https://www.vsenastolnitenis.cz/cz/dreva/pro-sberatele-353/lin-gaoyuan-alc-10102001","2026-01-13T00:00:00","H:/Desaka\vsenastolnitenis\Full_13.01.2026\VseNaStolniTenisOutput.csv"
"VseNaStolniTenis","BUTTERFLY-Lin Yun-Ju Super ZLC","https://www.vsenastolnitenis.cz/cz/dreva/off-24/lin-yun-ju-super-zlc-10102105","2026-01-13T00:00:00","H:/Desaka\vsenastolnitenis\Full_13.01.2026\VseNaStolniTenisOutput.csv"
"VseNaStolniTenis","BUTTERFLY-Logo Case na 1 pálku","https://www.vsenastolnitenis.cz/cz/doplnky/pouzdra-120/butterfly-logo-case-2019-na-1-palku-10511904","2026-01-13T00:00:00","H:/Desaka\vsenastolnitenis\Full_13.01.2026\VseNaStolniTenisOutput.csv"
"VseNaStolniTenis","BUTTERFLY-Logo Case na 2 pálky","https://www.vsenastolnitenis.cz/cz/doplnky/pouzdra-120/logo-case-na-2-palky-10512305","2026-01-13T00:00:00","H:/Desaka\vsenastolnitenis\Full_13.01.2026\VseNaStolniTenisOutput.csv"
"VseNaStolniTenis","BUTTERFLY-Logo Case obrys","https://www.vsenastolnitenis.cz/cz/doplnky/pouzdra-120/butterfly-logo-case-2019-obrys-10511901","2026-01-13T00:00:00","H:/Desaka\vsenastolnitenis\Full_13.01.2026\VseNaStolniTenisOutput.csv"
"VseNaStolniTenis","BUTTERFLY-Marcos Freitas MFX4","https://www.vsenastolnitenis.cz/cz/akcni-nabidka/palky-106/marcos-freitas-mfx4-10201709","2026-01-13T00:00:00","H:/Desaka\vsenastolnitenis\Full_13.01.2026\VseNaStolniTenisOutput.csv"
"VseNaStolniTenis","BUTTERFLY-Matsudaira ALC","https://www.vsenastolnitenis.cz/cz/dreva/pro-sberatele-353/matsudaira-alc-10101603","2026-01-13T00:00:00","H:/Desaka\vsenastolnitenis\Full_13.01.2026\VseNaStolniTenisOutput.csv"
"VseNaStolniTenis","BUTTERFLY-Maze Advance","https://www.vsenastolnitenis.cz/cz/dreva/all-22/maze-advance-10102104","2026-01-13T00:00:00","H:/Desaka\vsenastolnitenis\Full_13.01.2026\VseNaStolniTenisOutput.csv"
"VseNaStolniTenis","BUTTERFLY-Maze Magic","https://www.vsenastolnitenis.cz/cz/dreva/all-22/butterfly-maze-magic-10101513","2026-01-13T00:00:00","H:/Desaka\vsenastolnitenis\Full_13.01.2026\VseNaStolniTenisOutput.csv"
"VseNaStolniTenis","BUTTERFLY-Mino","https://www.vsenastolnitenis.cz/cz/akcni-nabidka/sortky-139/mino-10321801","2026-01-13T00:00:00","H:/Desaka\vsenastolnitenis\Full_13.01.2026\VseNaStolniTenisOutput.csv"
"VseNaStolniTenis","BUTTERFLY-Mira Lady","https://www.vsenastolnitenis.cz/cz/akcni-nabidka/tricka-a-polokosile-81/mira-lady-10301511","2026-01-13T00:00:00","H:/Desaka\vsenastolnitenis\Full_13.01.2026\VseNaStolniTenisOutput.csv"
"VseNaStolniTenis","BUTTERFLY-Mito","https://www.vsenastolnitenis.cz/cz/akcni-nabidka/textil-81/mito-10311804","2026-01-13T00:00:00","H:/Desaka\vsenastolnitenis\Full_13.01.2026\VseNaStolniTenisOutput.csv"
"VseNaStolniTenis","BUTTERFLY-Mito Lady","https://www.vsenastolnitenis.cz/cz/textil/tricka-39/butterfly-mito-lady-10311806","2026-01-13T00:00:00","H:/Desaka\vsenastolnitenis\Full_13.01.2026\VseNaStolniTenisOutput.csv"
"VseNaStolniTenis","BUTTERFLY-Mizutani Jun Major","https://www.vsenastolnitenis.cz/cz/dreva/pro-sberatele-353/mizutani-jun-major-10102504","2026-01-13T00:00:00","H:/Desaka\vsenastolnitenis\Full_13.01.2026\VseNaStolniTenisOutput.csv"
"VseNaStolniTenis","BUTTERFLY-Mizutani Super ZLC + Tenergy 05","https://www.vsenastolnitenis.cz/cz/palky/zavodni-nad-2-000-kc-284/mizutani-super-zlc-tenergy-05-10202008","2026-01-13T00:00:00","H:/Desaka\vsenastolnitenis\Full_13.01.2026\VseNaStolniTenisOutput.csv"
"VseNaStolniTenis","BUTTERFLY-Nagano","https://www.vsenastolnitenis.cz/cz/textil/polokosile-38/nagano-10302402","2026-01-13T00:00:00","H:/Desaka\vsenastolnitenis\Full_13.01.2026\VseNaStolniTenisOutput.csv"
"VseNaStolniTenis","BUTTERFLY-Nagano Lady","https://www.vsenastolnitenis.cz/cz/textil/polokosile-38/nagano-lady-10302403","2026-01-13T00:00:00","H:/Desaka\vsenastolnitenis\Full_13.01.2026\VseNaStolniTenisOutput.csv"
"VseNaStolniTenis","BUTTERFLY-Naoki","https://www.vsenastolnitenis.cz/cz/akcni-nabidka/soupravy-102/naoki-10371704","2026-01-13T00:00:00","H:/Desaka\vsenastolnitenis\Full_13.01.2026\VseNaStolniTenisOutput.csv"
"VseNaStolniTenis","BUTTERFLY-Naomi","https://www.vsenastolnitenis.cz/cz/akcni-nabidka/textil-81/butterfly-naomi-10301717","2026-01-13T00:00:00","H:/Desaka\vsenastolnitenis\Full_13.01.2026\VseNaStolniTenisOutput.csv"
"VseNaStolniTenis","BUTTERFLY-Nash","https://www.vsenastolnitenis.cz/cz/akcni-nabidka/tricka-a-polokosile-81/nash-10301502","2026-01-13T00:00:00","H:/Desaka\vsenastolnitenis\Full_13.01.2026\VseNaStolniTenisOutput.csv"
"VseNaStolniTenis","BUTTERFLY-Nash Lady","https://www.vsenastolnitenis.cz/cz/akcni-nabidka/textil-81/nash-lady-10301516","2026-01-13T00:00:00","H:/Desaka\vsenastolnitenis\Full_13.01.2026\VseNaStolniTenisOutput.csv"
"VseNaStolniTenis","BUTTERFLY-Niiza Lady","https://www.vsenastolnitenis.cz/cz/akcni-nabidka/sortky-139/niiza-lady-10321906","2026-01-13T00:00:00","H:/Desaka\vsenastolnitenis\Full_13.01.2026\VseNaStolniTenisOutput.csv"
"VseNaStolniTenis","BUTTERFLY-Noda Lady","https://www.vsenastolnitenis.cz/cz/textil/sortky-40/noda-lady-10322303","2026-01-13T00:00:00","H:/Desaka\vsenastolnitenis\Full_13.01.2026\VseNaStolniTenisOutput.csv"
"VseNaStolniTenis","BUTTERFLY-Octet 25","https://www.vsenastolnitenis.cz/cz/stoly/vnitrni-66/butterfly-octet-25-10801203","2026-01-13T00:00:00","H:/Desaka\vsenastolnitenis\Full_13.01.2026\VseNaStolniTenisOutput.csv"
"VseNaStolniTenis","BUTTERFLY-Offensive New","https://www.vsenastolnitenis.cz/cz/akcni-nabidka/dreva-79/offensive-new-10101908","2026-01-13T00:00:00","H:/Desaka\vsenastolnitenis\Full_13.01.2026\VseNaStolniTenisOutput.csv"
"VseNaStolniTenis","BUTTERFLY-Offensive New + Sriver L","https://www.vsenastolnitenis.cz/cz/palky/zavodni-nad-2-000-kc-284/butterfly-offensive-new-sriver-l-10201903","2026-01-13T00:00:00","H:/Desaka\vsenastolnitenis\Full_13.01.2026\VseNaStolniTenisOutput.csv"
"VseNaStolniTenis","BUTTERFLY-Ohrádka","https://www.vsenastolnitenis.cz/cz/vybaveni-pro-kluby/ohradky-70/butterfly-ohradka-10821205","2026-01-13T00:00:00","H:/Desaka\vsenastolnitenis\Full_13.01.2026\VseNaStolniTenisOutput.csv"
"VseNaStolniTenis","BUTTERFLY-Ohrádka (výška 90 cm)","https://www.vsenastolnitenis.cz/cz/vybaveni-pro-kluby/ohradky-70/ohradka-vyska-90-cm-10822101","2026-01-13T00:00:00","H:/Desaka\vsenastolnitenis\Full_13.01.2026\VseNaStolniTenisOutput.csv"
"VseNaStolniTenis","BUTTERFLY-Ohrádka dvojitá","https://www.vsenastolnitenis.cz/cz/vybaveni-pro-kluby/ohradky-70/butterfly-ohradka-dvojita-10821401","2026-01-13T00:00:00","H:/Desaka\vsenastolnitenis\Full_13.01.2026\VseNaStolniTenisOutput.csv"
"VseNaStolniTenis","BUTTERFLY-Ochranná folie Film IV (2 ks)","https://www.vsenastolnitenis.cz/cz/doplnky/ochranne-folie-127/film-iv-10622103","2026-01-13T00:00:00","H:/Desaka\vsenastolnitenis\Full_13.01.2026\VseNaStolniTenisOutput.csv"
"VseNaStolniTenis","BUTTERFLY-Ochranná folie Film IV (2 ks) lepivá","https://www.vsenastolnitenis.cz/cz/doplnky/ochranne-folie-127/ochranna-folie-film-iv-2-ks-lepiva-10622503","2026-01-13T00:00:00","H:/Desaka\vsenastolnitenis\Full_13.01.2026\VseNaStolniTenisOutput.csv"
"VseNaStolniTenis","BUTTERFLY-Omar Assar Innerforce ZLC","https://www.vsenastolnitenis.cz/cz/dreva/off-24/omar-assar-innerforce-zlc-10102601","2026-01-13T00:00:00","H:/Desaka\vsenastolnitenis\Full_13.01.2026\VseNaStolniTenisOutput.csv"
"VseNaStolniTenis","BUTTERFLY-Omotávka na rukojeť (3ks)","https://www.vsenastolnitenis.cz/cz/doplnky/pasky-na-palky-128/butterfly-omotavka-na-rukojet-3ks-10621213","2026-01-13T00:00:00","H:/Desaka\vsenastolnitenis\Full_13.01.2026\VseNaStolniTenisOutput.csv"
"VseNaStolniTenis","BUTTERFLY-Orthodox","https://www.vsenastolnitenis.cz/cz/potahy/travy-30/butterfly-orthodox-10001233","2026-01-13T00:00:00","H:/Desaka\vsenastolnitenis\Full_13.01.2026\VseNaStolniTenisOutput.csv"
"VseNaStolniTenis","BUTTERFLY-Osuška Taoru","https://www.vsenastolnitenis.cz/cz/textil/rucniky-48/osuska-taoru-10392307","2026-01-13T00:00:00","H:/Desaka\vsenastolnitenis\Full_13.01.2026\VseNaStolniTenisOutput.csv"
"VseNaStolniTenis","BUTTERFLY-Otaru","https://www.vsenastolnitenis.cz/cz/akcni-nabidka/soupravy-102/otaru-10371907","2026-01-13T00:00:00","H:/Desaka\vsenastolnitenis\Full_13.01.2026\VseNaStolniTenisOutput.csv"
"VseNaStolniTenis","BUTTERFLY-Outerforce ALC","https://www.vsenastolnitenis.cz/cz/dreva/off-24/outerforce-alc-10102502","2026-01-13T00:00:00","H:/Desaka\vsenastolnitenis\Full_13.01.2026\VseNaStolniTenisOutput.csv"
"VseNaStolniTenis","BUTTERFLY-Outerforce CAF","https://www.vsenastolnitenis.cz/cz/dreva/off-24/outerforce-caf-10102501","2026-01-13T00:00:00","H:/Desaka\vsenastolnitenis\Full_13.01.2026\VseNaStolniTenisOutput.csv"
"VseNaStolniTenis","BUTTERFLY-Outerforce ZLC","https://www.vsenastolnitenis.cz/cz/dreva/off-24/outerforce-zlc-10102503","2026-01-13T00:00:00","H:/Desaka\vsenastolnitenis\Full_13.01.2026\VseNaStolniTenisOutput.csv"
"VseNaStolniTenis","BUTTERFLY-Ovtcharov Diamond","https://www.vsenastolnitenis.cz/cz/palky/rekreacni-do-1-000-kc-281/ovtcharov-diamond-10202304","2026-01-13T00:00:00","H:/Desaka\vsenastolnitenis\Full_13.01.2026\VseNaStolniTenisOutput.csv"
"VseNaStolniTenis","BUTTERFLY-Ovtcharov Expert","https://www.vsenastolnitenis.cz/cz/palky/zavodni-do-2-000-kc-283/ovtcharov-expert-10202403","2026-01-13T00:00:00","H:/Desaka\vsenastolnitenis\Full_13.01.2026\VseNaStolniTenisOutput.csv"
"VseNaStolniTenis","BUTTERFLY-Ovtcharov Gold","https://www.vsenastolnitenis.cz/cz/palky/rekreacni-do-1-000-kc-281/ovtcharov-gold-10202101","2026-01-13T00:00:00","H:/Desaka\vsenastolnitenis\Full_13.01.2026\VseNaStolniTenisOutput.csv"
"VseNaStolniTenis","BUTTERFLY-Ovtcharov Prime C","https://www.vsenastolnitenis.cz/cz/palky/zavodni-do-2-000-kc-283/ovtcharov-prime-c-10202401","2026-01-13T00:00:00","H:/Desaka\vsenastolnitenis\Full_13.01.2026\VseNaStolniTenisOutput.csv"
"VseNaStolniTenis","BUTTERFLY-Ovtcharov Ruby","https://www.vsenastolnitenis.cz/cz/palky/rekreacni-do-1-000-kc-281/ovtcharov-ruby-10202303","2026-01-13T00:00:00","H:/Desaka\vsenastolnitenis\Full_13.01.2026\VseNaStolniTenisOutput.csv"
"VseNaStolniTenis","BUTTERFLY-Ovtcharov S1","https://www.vsenastolnitenis.cz/cz/dreva/off-23/ovtcharov-s1-10102210","2026-01-13T00:00:00","H:/Desaka\vsenastolnitenis\Full_13.01.2026\VseNaStolniTenisOutput.csv"
"VseNaStolniTenis","BUTTERFLY-Ovtcharov S2","https://www.vsenastolnitenis.cz/cz/dreva/off-24/ovtcharov-s2-10102211","2026-01-13T00:00:00","H:/Desaka\vsenastolnitenis\Full_13.01.2026\VseNaStolniTenisOutput.csv"
"VseNaStolniTenis","BUTTERFLY-Ovtcharov Sapphire","https://www.vsenastolnitenis.cz/cz/palky/rekreacni-do-1-000-kc-281/ovtcharov-sapphire-10202302","2026-01-13T00:00:00","H:/Desaka\vsenastolnitenis\Full_13.01.2026\VseNaStolniTenisOutput.csv"
"VseNaStolniTenis","BUTTERFLY-Ovtcharov Striker","https://www.vsenastolnitenis.cz/cz/palky/zavodni-do-2-000-kc-283/ovtcharov-striker-10202402","2026-01-13T00:00:00","H:/Desaka\vsenastolnitenis\Full_13.01.2026\VseNaStolniTenisOutput.csv"
"VseNaStolniTenis","BUTTERFLY-Páska Logo 12 mm/1 m - reklamní","https://www.vsenastolnitenis.cz/cz/doplnky/pasky-na-palky-128/butterfly-paska-logo-12-mm-1-m-10621207","2026-01-13T00:00:00","H:/Desaka\vsenastolnitenis\Full_13.01.2026\VseNaStolniTenisOutput.csv"
"VseNaStolniTenis","BUTTERFLY-Perfekt II","https://www.vsenastolnitenis.cz/cz/stoly/sitky-117/butterfly-perfect-ii-10811801","2026-01-13T00:00:00","H:/Desaka\vsenastolnitenis\Full_13.01.2026\VseNaStolniTenisOutput.csv"
"VseNaStolniTenis","BUTTERFLY-Personal Rollaway","https://www.vsenastolnitenis.cz/cz/stoly/vnitrni-66/personal-rollaway-10802301","2026-01-13T00:00:00","H:/Desaka\vsenastolnitenis\Full_13.01.2026\VseNaStolniTenisOutput.csv"
"VseNaStolniTenis","BUTTERFLY-Petr Korbel","https://www.vsenastolnitenis.cz/cz/dreva/off-24/butterfly-petr-korbel-10101115","2026-01-13T00:00:00","H:/Desaka\vsenastolnitenis\Full_13.01.2026\VseNaStolniTenisOutput.csv"
"VseNaStolniTenis","BUTTERFLY-Petr Korbel + Sriver L","https://www.vsenastolnitenis.cz/cz/palky/zavodni-nad-2-000-kc-284/petr-korbel-sriver-l-10201904","2026-01-13T00:00:00","H:/Desaka\vsenastolnitenis\Full_13.01.2026\VseNaStolniTenisOutput.csv"
"VseNaStolniTenis","BUTTERFLY-Playback Outdoor","https://www.vsenastolnitenis.cz/cz/stoly/venkovni-67/playback-outdoor-10801208","2026-01-13T00:00:00","H:/Desaka\vsenastolnitenis\Full_13.01.2026\VseNaStolniTenisOutput.csv"
"VseNaStolniTenis","BUTTERFLY-Playback Rollaway","https://www.vsenastolnitenis.cz/cz/stoly/vnitrni-66/butterfly-playback-rollaway-10801204","2026-01-13T00:00:00","H:/Desaka\vsenastolnitenis\Full_13.01.2026\VseNaStolniTenisOutput.csv"
"VseNaStolniTenis","BUTTERFLY-Polo Yaizu","https://www.vsenastolnitenis.cz/cz/akcni-nabidka/textil-81/polo-yaizu-10302009","2026-01-13T00:00:00","H:/Desaka\vsenastolnitenis\Full_13.01.2026\VseNaStolniTenisOutput.csv"
"VseNaStolniTenis","BUTTERFLY-Potítko Logo","https://www.vsenastolnitenis.cz/cz/textil/potitka-49/potitko-logo-10392302","2026-01-13T00:00:00","H:/Desaka\vsenastolnitenis\Full_13.01.2026\VseNaStolniTenisOutput.csv"
"VseNaStolniTenis","BUTTERFLY-Poukázka 1000 Kč","https://www.vsenastolnitenis.cz/cz/doplnky/slevove-poukazky-349/poukazka-1000-kc-10821103","2026-01-13T00:00:00","H:/Desaka\vsenastolnitenis\Full_13.01.2026\VseNaStolniTenisOutput.csv"
"VseNaStolniTenis","BUTTERFLY-Poukázka 1500 Kč","https://www.vsenastolnitenis.cz/cz/doplnky/slevove-poukazky-349/poukazka-1500-kc-10821104","2026-01-13T00:00:00","H:/Desaka\vsenastolnitenis\Full_13.01.2026\VseNaStolniTenisOutput.csv"
"VseNaStolniTenis","BUTTERFLY-Poukázka 2000 Kč","https://www.vsenastolnitenis.cz/cz/doplnky/slevove-poukazky-349/poukazka-2000-kc-10821105","2026-01-13T00:00:00","H:/Desaka\vsenastolnitenis\Full_13.01.2026\VseNaStolniTenisOutput.csv"
"VseNaStolniTenis","BUTTERFLY-Poukázka 250 Kč","https://www.vsenastolnitenis.cz/cz/doplnky/slevove-poukazky-349/poukazka-250-kc-10821100","2026-01-13T00:00:00","H:/Desaka\vsenastolnitenis\Full_13.01.2026\VseNaStolniTenisOutput.csv"
"VseNaStolniTenis","BUTTERFLY-Poukázka 300 Kč","https://www.vsenastolnitenis.cz/cz/doplnky/slevove-poukazky-349/poukazka-300-kc-10821101","2026-01-13T00:00:00","H:/Desaka\vsenastolnitenis\Full_13.01.2026\VseNaStolniTenisOutput.csv"
"VseNaStolniTenis","BUTTERFLY-Poukázka 3000 Kč","https://www.vsenastolnitenis.cz/cz/doplnky/slevove-poukazky-349/poukazka-3000-kc-10821106","2026-01-13T00:00:00","H:/Desaka\vsenastolnitenis\Full_13.01.2026\VseNaStolniTenisOutput.csv"
"VseNaStolniTenis","BUTTERFLY-Poukázka 500 Kč","https://www.vsenastolnitenis.cz/cz/doplnky/slevove-poukazky-349/poukazka-500-kc-10821102","2026-01-13T00:00:00","H:/Desaka\vsenastolnitenis\Full_13.01.2026\VseNaStolniTenisOutput.csv"
"VseNaStolniTenis","BUTTERFLY-Pouzdro Easy","https://www.vsenastolnitenis.cz/cz/doplnky/pouzdra-120/pouzdro-easy-10512502","2026-01-13T00:00:00","H:/Desaka\vsenastolnitenis\Full_13.01.2026\VseNaStolniTenisOutput.csv"
"VseNaStolniTenis","BUTTERFLY-Primus 4.0","https://www.vsenastolnitenis.cz/cz/stoly/sitky-117/primus-4-0-10812201","2026-01-13T00:00:00","H:/Desaka\vsenastolnitenis\Full_13.01.2026\VseNaStolniTenisOutput.csv"
"VseNaStolniTenis","BUTTERFLY-Puren","https://www.vsenastolnitenis.cz/cz/textil/polokosile-38/puren-10302309","2026-01-13T00:00:00","H:/Desaka\vsenastolnitenis\Full_13.01.2026\VseNaStolniTenisOutput.csv"
"VseNaStolniTenis","BUTTERFLY-Puren Lady","https://www.vsenastolnitenis.cz/cz/textil/polokosile-38/puren-lady-10302311","2026-01-13T00:00:00","H:/Desaka\vsenastolnitenis\Full_13.01.2026\VseNaStolniTenisOutput.csv"
"VseNaStolniTenis","BUTTERFLY-Revoldia CNF","https://www.vsenastolnitenis.cz/cz/dreva/off-24/butterfly-revoldia-cnf-10102004","2026-01-13T00:00:00","H:/Desaka\vsenastolnitenis\Full_13.01.2026\VseNaStolniTenisOutput.csv"
"VseNaStolniTenis","BUTTERFLY-Riso","https://www.vsenastolnitenis.cz/cz/textil/sortky-40/riso-10322202","2026-01-13T00:00:00","H:/Desaka\vsenastolnitenis\Full_13.01.2026\VseNaStolniTenisOutput.csv"
"VseNaStolniTenis","BUTTERFLY-Roundell","https://www.vsenastolnitenis.cz/cz/potahy/softy-utocne-26/butterfly-roundell-10001214","2026-01-13T00:00:00","H:/Desaka\vsenastolnitenis\Full_13.01.2026\VseNaStolniTenisOutput.csv"
"VseNaStolniTenis","BUTTERFLY-Ryo","https://www.vsenastolnitenis.cz/cz/akcni-nabidka/tricka-a-polokosile-81/ryo-10311701","2026-01-13T00:00:00","H:/Desaka\vsenastolnitenis\Full_13.01.2026\VseNaStolniTenisOutput.csv"
"VseNaStolniTenis","BUTTERFLY-Sada na lepení (48 ks)","https://www.vsenastolnitenis.cz/cz/doplnky/lepidla-vodou-reditelna-123/sada-na-lepeni-100-ks-10601209","2026-01-13T00:00:00","H:/Desaka\vsenastolnitenis\Full_13.01.2026\VseNaStolniTenisOutput.csv"
"VseNaStolniTenis","BUTTERFLY-Sardius","https://www.vsenastolnitenis.cz/cz/dreva/off-25/sardius-10102007","2026-01-13T00:00:00","H:/Desaka\vsenastolnitenis\Full_13.01.2026\VseNaStolniTenisOutput.csv"
"VseNaStolniTenis","BUTTERFLY-Sběrač Amigo","https://www.vsenastolnitenis.cz/cz/vybaveni-pro-kluby/ostatni-73/sberac-amigo-10821207","2026-01-13T00:00:00","H:/Desaka\vsenastolnitenis\Full_13.01.2026\VseNaStolniTenisOutput.csv"
"VseNaStolniTenis","BUTTERFLY-Set Drive","https://www.vsenastolnitenis.cz/cz/palky/sety-296/butterfly-set-drive-10201406","2026-01-13T00:00:00","H:/Desaka\vsenastolnitenis\Full_13.01.2026\VseNaStolniTenisOutput.csv"
"VseNaStolniTenis","BUTTERFLY-Set Korbel","https://www.vsenastolnitenis.cz/cz/palky/sety-296/butterfly-set-korbel-10201901","2026-01-13T00:00:00","H:/Desaka\vsenastolnitenis\Full_13.01.2026\VseNaStolniTenisOutput.csv"
"VseNaStolniTenis","BUTTERFLY-Seto","https://www.vsenastolnitenis.cz/cz/akcni-nabidka/boty-a-ponozky-101/seto-10451904","2026-01-13T00:00:00","H:/Desaka\vsenastolnitenis\Full_13.01.2026\VseNaStolniTenisOutput.csv"
"VseNaStolniTenis","BUTTERFLY-Seto kotníkové","https://www.vsenastolnitenis.cz/cz/akcni-nabidka/boty-a-ponozky-101/seto-kotnikove-10451905","2026-01-13T00:00:00","H:/Desaka\vsenastolnitenis\Full_13.01.2026\VseNaStolniTenisOutput.csv"
"VseNaStolniTenis","BUTTERFLY-Shiro","https://www.vsenastolnitenis.cz/cz/akcni-nabidka/textil-81/shiro-10301701","2026-01-13T00:00:00","H:/Desaka\vsenastolnitenis\Full_13.01.2026\VseNaStolniTenisOutput.csv"
"VseNaStolniTenis","BUTTERFLY-Síťovina s tyčemi","https://www.vsenastolnitenis.cz/cz/stoly/sitoviny-a-merky-138/butterfly-sitovina-s-tycemi-10811206","2026-01-13T00:00:00","H:/Desaka\vsenastolnitenis\Full_13.01.2026\VseNaStolniTenisOutput.csv"
"VseNaStolniTenis","BUTTERFLY-Space Saver 22","https://www.vsenastolnitenis.cz/cz/stoly/vnitrni-66/space-saver-22-10801205","2026-01-13T00:00:00","H:/Desaka\vsenastolnitenis\Full_13.01.2026\VseNaStolniTenisOutput.csv"
"VseNaStolniTenis","BUTTERFLY-Space Saver 25","https://www.vsenastolnitenis.cz/cz/stoly/vnitrni-66/space-saver-25-10802101","2026-01-13T00:00:00","H:/Desaka\vsenastolnitenis\Full_13.01.2026\VseNaStolniTenisOutput.csv"
"VseNaStolniTenis","BUTTERFLY-Sutairu","https://www.vsenastolnitenis.cz/cz/textil/tricka-39/sutairu-10312301","2026-01-13T00:00:00","H:/Desaka\vsenastolnitenis\Full_13.01.2026\VseNaStolniTenisOutput.csv"
"VseNaStolniTenis","BUTTERFLY-Sutairu Lady","https://www.vsenastolnitenis.cz/cz/textil/tricka-39/sutairu-lady-10312305","2026-01-13T00:00:00","H:/Desaka\vsenastolnitenis\Full_13.01.2026\VseNaStolniTenisOutput.csv"
"VseNaStolniTenis","BUTTERFLY-Šortky Higo","https://www.vsenastolnitenis.cz/cz/akcni-nabidka/sortky-139/sortky-higo-10322101","2026-01-13T00:00:00","H:/Desaka\vsenastolnitenis\Full_13.01.2026\VseNaStolniTenisOutput.csv"
"VseNaStolniTenis","BUTTERFLY-Šortky Izumo","https://www.vsenastolnitenis.cz/cz/textil/sortky-40/sortky-izumo-10322301","2026-01-13T00:00:00","H:/Desaka\vsenastolnitenis\Full_13.01.2026\VseNaStolniTenisOutput.csv"
"VseNaStolniTenis","BUTTERFLY-Šortky Kariya","https://www.vsenastolnitenis.cz/cz/textil/sortky-40/sortky-kariya-10322401","2026-01-13T00:00:00","H:/Desaka\vsenastolnitenis\Full_13.01.2026\VseNaStolniTenisOutput.csv"
"VseNaStolniTenis","BUTTERFLY-Šortky Kihon","https://www.vsenastolnitenis.cz/cz/akcni-nabidka/sortky-139/sortky-kihon-10321901","2026-01-13T00:00:00","H:/Desaka\vsenastolnitenis\Full_13.01.2026\VseNaStolniTenisOutput.csv"
"VseNaStolniTenis","BUTTERFLY-Šortky Kushiro","https://www.vsenastolnitenis.cz/cz/textil/sortky-40/sortky-kushiro-10322402","2026-01-13T00:00:00","H:/Desaka\vsenastolnitenis\Full_13.01.2026\VseNaStolniTenisOutput.csv"
"VseNaStolniTenis","BUTTERFLY-Šortky Meranji","https://www.vsenastolnitenis.cz/cz/textil/sortky-40/sortky-meranji-10322203","2026-01-13T00:00:00","H:/Desaka\vsenastolnitenis\Full_13.01.2026\VseNaStolniTenisOutput.csv"
"VseNaStolniTenis","BUTTERFLY-Šortky Puro","https://www.vsenastolnitenis.cz/cz/textil/sortky-40/sortky-puro-10322501","2026-01-13T00:00:00","H:/Desaka\vsenastolnitenis\Full_13.01.2026\VseNaStolniTenisOutput.csv"
"VseNaStolniTenis","BUTTERFLY-Šortky Toka","https://www.vsenastolnitenis.cz/cz/akcni-nabidka/sortky-139/sortky-toka-10321904","2026-01-13T00:00:00","H:/Desaka\vsenastolnitenis\Full_13.01.2026\VseNaStolniTenisOutput.csv"
"VseNaStolniTenis","BUTTERFLY-Šortky Tosy","https://www.vsenastolnitenis.cz/cz/textil/sortky-40/sortky-tosy-10322103","2026-01-13T00:00:00","H:/Desaka\vsenastolnitenis\Full_13.01.2026\VseNaStolniTenisOutput.csv"
"VseNaStolniTenis","BUTTERFLY-Šortky Yaizu","https://www.vsenastolnitenis.cz/cz/akcni-nabidka/sortky-139/sortky-yaizu-10322001","2026-01-13T00:00:00","H:/Desaka\vsenastolnitenis\Full_13.01.2026\VseNaStolniTenisOutput.csv"
"VseNaStolniTenis","BUTTERFLY-Tackiness Drive","https://www.vsenastolnitenis.cz/cz/potahy/softy-univerzalni-27/butterfly-tackiness-drive-10001222","2026-01-13T00:00:00","H:/Desaka\vsenastolnitenis\Full_13.01.2026\VseNaStolniTenisOutput.csv"
"VseNaStolniTenis","BUTTERFLY-Tackiness Chop","https://www.vsenastolnitenis.cz/cz/potahy/softy-obranne-28/butterfly-tackiness-chop-10001221","2026-01-13T00:00:00","H:/Desaka\vsenastolnitenis\Full_13.01.2026\VseNaStolniTenisOutput.csv"
"VseNaStolniTenis","BUTTERFLY-Tackiness Chop II","https://www.vsenastolnitenis.cz/cz/potahy/softy-obranne-28/butterfly-tackiness-chop-ii-10001223","2026-01-13T00:00:00","H:/Desaka\vsenastolnitenis\Full_13.01.2026\VseNaStolniTenisOutput.csv"
"VseNaStolniTenis","BUTTERFLY-Tajimi","https://www.vsenastolnitenis.cz/cz/textil/mikiny-47/butterfly-tajimi-10372002","2026-01-13T00:00:00","H:/Desaka\vsenastolnitenis\Full_13.01.2026\VseNaStolniTenisOutput.csv"
"VseNaStolniTenis","BUTTERFLY-Takeo","https://www.vsenastolnitenis.cz/cz/akcni-nabidka/tricka-a-polokosile-81/takeo-10301705","2026-01-13T00:00:00","H:/Desaka\vsenastolnitenis\Full_13.01.2026\VseNaStolniTenisOutput.csv"
"VseNaStolniTenis","BUTTERFLY-Taška na míčky","https://www.vsenastolnitenis.cz/cz/doplnky/tasky-118/butterfly-taska-na-micky-10501206","2026-01-13T00:00:00","H:/Desaka\vsenastolnitenis\Full_13.01.2026\VseNaStolniTenisOutput.csv"
"VseNaStolniTenis","BUTTERFLY-TB5 Alpha","https://www.vsenastolnitenis.cz/cz/dreva/pro-sberatele-353/tb5-alpha-10102507","2026-01-13T00:00:00","H:/Desaka\vsenastolnitenis\Full_13.01.2026\VseNaStolniTenisOutput.csv"
"VseNaStolniTenis","BUTTERFLY-Testovací balíček míčků (12 ks)","https://www.vsenastolnitenis.cz/cz/micky/zavodni-plastove-76/butterfly-testovaci-balicek-10-ks-10701205","2026-01-13T00:00:00","H:/Desaka\vsenastolnitenis\Full_13.01.2026\VseNaStolniTenisOutput.csv"
"VseNaStolniTenis","BUTTERFLY-Tiago Apolonia TAX3","https://www.vsenastolnitenis.cz/cz/palky/rekreacni-do-1-000-kc-281/butterfly-tiago-apolonia-tax3-10201708","2026-01-13T00:00:00","H:/Desaka\vsenastolnitenis\Full_13.01.2026\VseNaStolniTenisOutput.csv"
"VseNaStolniTenis","BUTTERFLY-Timo Boll 30th Anniversary","https://www.vsenastolnitenis.cz/cz/dreva/off-24/timo-boll-30th-anniversary-10102301","2026-01-13T00:00:00","H:/Desaka\vsenastolnitenis\Full_13.01.2026\VseNaStolniTenisOutput.csv"
"VseNaStolniTenis","BUTTERFLY-Timo Boll ALC","https://www.vsenastolnitenis.cz/cz/dreva/off-24/butterfly-timo-boll-alc-10101225","2026-01-13T00:00:00","H:/Desaka\vsenastolnitenis\Full_13.01.2026\VseNaStolniTenisOutput.csv"
"VseNaStolniTenis","BUTTERFLY-Timo Boll ALC + Tenergy 05","https://www.vsenastolnitenis.cz/cz/palky/zavodni-nad-2-000-kc-284/timo-boll-alc-tenergy-05-10202007","2026-01-13T00:00:00","H:/Desaka\vsenastolnitenis\Full_13.01.2026\VseNaStolniTenisOutput.csv"
"VseNaStolniTenis","BUTTERFLY-Timo Boll CAF","https://www.vsenastolnitenis.cz/cz/dreva/off-24/butterfly-timo-boll-caf-10101906","2026-01-13T00:00:00","H:/Desaka\vsenastolnitenis\Full_13.01.2026\VseNaStolniTenisOutput.csv"
"VseNaStolniTenis","BUTTERFLY-Timo Boll Comfort","https://www.vsenastolnitenis.cz/cz/palky/rekreacni-do-1-000-kc-281/timo-boll-comfort-10202502","2026-01-13T00:00:00","H:/Desaka\vsenastolnitenis\Full_13.01.2026\VseNaStolniTenisOutput.csv"
"VseNaStolniTenis","BUTTERFLY-Timo Boll Comfort Kids","https://www.vsenastolnitenis.cz/cz/palky/rekreacni-do-1-000-kc-281/timo-boll-comfort-kids-10202501","2026-01-13T00:00:00","H:/Desaka\vsenastolnitenis\Full_13.01.2026\VseNaStolniTenisOutput.csv"
"VseNaStolniTenis","BUTTERFLY-Timo Boll Force","https://www.vsenastolnitenis.cz/cz/palky/rekreacni-do-1-000-kc-281/timo-boll-force-10202504","2026-01-13T00:00:00","H:/Desaka\vsenastolnitenis\Full_13.01.2026\VseNaStolniTenisOutput.csv"
"VseNaStolniTenis","BUTTERFLY-Timo Boll J","https://www.vsenastolnitenis.cz/cz/dreva/off-23/butterfly-timo-boll-j-10101904","2026-01-13T00:00:00","H:/Desaka\vsenastolnitenis\Full_13.01.2026\VseNaStolniTenisOutput.csv"
"VseNaStolniTenis","BUTTERFLY-Timo Boll Progress","https://www.vsenastolnitenis.cz/cz/palky/rekreacni-do-1-000-kc-281/timo-boll-progress-10202503","2026-01-13T00:00:00","H:/Desaka\vsenastolnitenis\Full_13.01.2026\VseNaStolniTenisOutput.csv"
"VseNaStolniTenis","BUTTERFLY-Timo Boll SG11","https://www.vsenastolnitenis.cz/cz/palky/rekreacni-do-500-kc-280/timo-boll-sg11-10202001","2026-01-13T00:00:00","H:/Desaka\vsenastolnitenis\Full_13.01.2026\VseNaStolniTenisOutput.csv"
"VseNaStolniTenis","BUTTERFLY-Timo Boll SG33","https://www.vsenastolnitenis.cz/cz/palky/rekreacni-do-1-000-kc-281/butterfly-timo-boll-sg33-10202002","2026-01-13T00:00:00","H:/Desaka\vsenastolnitenis\Full_13.01.2026\VseNaStolniTenisOutput.csv"
"VseNaStolniTenis","BUTTERFLY-Timo Boll SG55","https://www.vsenastolnitenis.cz/cz/palky/rekreacni-do-1-000-kc-281/butterfly-timo-boll-sg55-10202003","2026-01-13T00:00:00","H:/Desaka\vsenastolnitenis\Full_13.01.2026\VseNaStolniTenisOutput.csv"
"VseNaStolniTenis","BUTTERFLY-Timo Boll SG77","https://www.vsenastolnitenis.cz/cz/akcni-nabidka/palky-106/timo-boll-sg77-10202004","2026-01-13T00:00:00","H:/Desaka\vsenastolnitenis\Full_13.01.2026\VseNaStolniTenisOutput.csv"
"VseNaStolniTenis","BUTTERFLY-Timo Boll SG99","https://www.vsenastolnitenis.cz/cz/akcni-nabidka/palky-106/timo-boll-sg99-10202005","2026-01-13T00:00:00","H:/Desaka\vsenastolnitenis\Full_13.01.2026\VseNaStolniTenisOutput.csv"
"VseNaStolniTenis","BUTTERFLY-Timo Boll Specialist","https://www.vsenastolnitenis.cz/cz/palky/rekreacni-nad-1-000-kc-282/timo-boll-specialist-10202505","2026-01-13T00:00:00","H:/Desaka\vsenastolnitenis\Full_13.01.2026\VseNaStolniTenisOutput.csv"
"VseNaStolniTenis","BUTTERFLY-Timo Boll Spirit","https://www.vsenastolnitenis.cz/cz/dreva/pro-sberatele-353/timo-boll-spirit-10101221","2026-01-13T00:00:00","H:/Desaka\vsenastolnitenis\Full_13.01.2026\VseNaStolniTenisOutput.csv"
"VseNaStolniTenis","BUTTERFLY-Timo Boll TJ","https://www.vsenastolnitenis.cz/cz/dreva/off-24/butterfly-timo-boll-tj-10101905","2026-01-13T00:00:00","H:/Desaka\vsenastolnitenis\Full_13.01.2026\VseNaStolniTenisOutput.csv"
"VseNaStolniTenis","BUTTERFLY-Timo Boll ZLC","https://www.vsenastolnitenis.cz/cz/dreva/off-24/butterfly-timo-boll-zlc-10101222","2026-01-13T00:00:00","H:/Desaka\vsenastolnitenis\Full_13.01.2026\VseNaStolniTenisOutput.csv"
"VseNaStolniTenis","BUTTERFLY-Toc","https://www.vsenastolnitenis.cz/cz/textil/tricka-39/toc-10312307","2026-01-13T00:00:00","H:/Desaka\vsenastolnitenis\Full_13.01.2026\VseNaStolniTenisOutput.csv"
"VseNaStolniTenis","BUTTERFLY-Tori Lady","https://www.vsenastolnitenis.cz/cz/akcni-nabidka/textil-81/tori-lady-10301905","2026-01-13T00:00:00","H:/Desaka\vsenastolnitenis\Full_13.01.2026\VseNaStolniTenisOutput.csv"
"VseNaStolniTenis","BUTTERFLY-Torori kufr","https://www.vsenastolnitenis.cz/cz/doplnky/tasky-118/torori-kufr-10502306","2026-01-13T00:00:00","H:/Desaka\vsenastolnitenis\Full_13.01.2026\VseNaStolniTenisOutput.csv"
"VseNaStolniTenis","BUTTERFLY-Tosy","https://www.vsenastolnitenis.cz/cz/textil/polokosile-38/tosy-10302110","2026-01-13T00:00:00","H:/Desaka\vsenastolnitenis\Full_13.01.2026\VseNaStolniTenisOutput.csv"
"VseNaStolniTenis","BUTTERFLY-Tosy Lady","https://www.vsenastolnitenis.cz/cz/textil/polokosile-38/tosy-lady-10302113","2026-01-13T00:00:00","H:/Desaka\vsenastolnitenis\Full_13.01.2026\VseNaStolniTenisOutput.csv"
"VseNaStolniTenis","BUTTERFLY-Training 40+ (100 ks) + taška na míčky","https://www.vsenastolnitenis.cz/cz/micky/treninkove-plastove-77/training-40-100-ks-taska-na-micky-10702301","2026-01-13T00:00:00","H:/Desaka\vsenastolnitenis\Full_13.01.2026\VseNaStolniTenisOutput.csv"
"VseNaStolniTenis","BUTTERFLY-Training 40+ (120 ks)","https://www.vsenastolnitenis.cz/cz/akcni-nabidka/micky-80/training-40-120-ks-10702004","2026-01-13T00:00:00","H:/Desaka\vsenastolnitenis\Full_13.01.2026\VseNaStolniTenisOutput.csv"
"VseNaStolniTenis","BUTTERFLY-Training 40+ (6 ks)","https://www.vsenastolnitenis.cz/cz/micky/treninkove-plastove-77/butterfly-training-40-6-ks-10701701","2026-01-13T00:00:00","H:/Desaka\vsenastolnitenis\Full_13.01.2026\VseNaStolniTenisOutput.csv"
"VseNaStolniTenis","BUTTERFLY-Training 40+ New (6 ks)","https://www.vsenastolnitenis.cz/cz/micky/treninkove-plastove-77/training-40-new-6-ks-10702501","2026-01-13T00:00:00","H:/Desaka\vsenastolnitenis\Full_13.01.2026\VseNaStolniTenisOutput.csv"
"VseNaStolniTenis","BUTTERFLY-Uruma","https://www.vsenastolnitenis.cz/cz/akcni-nabidka/soupravy-102/uruma-10371908","2026-01-13T00:00:00","H:/Desaka\vsenastolnitenis\Full_13.01.2026\VseNaStolniTenisOutput.csv"
"VseNaStolniTenis","BUTTERFLY-Vesta Oyama","https://www.vsenastolnitenis.cz/cz/textil/bundy-46/vesta-oyama-10372503","2026-01-13T00:00:00","H:/Desaka\vsenastolnitenis\Full_13.01.2026\VseNaStolniTenisOutput.csv"
"VseNaStolniTenis","BUTTERFLY-Větrovka Germany 18","https://www.vsenastolnitenis.cz/cz/textil/bundy-46/vetrovka-germany-18-10371806","2026-01-13T00:00:00","H:/Desaka\vsenastolnitenis\Full_13.01.2026\VseNaStolniTenisOutput.csv"
"VseNaStolniTenis","BUTTERFLY-Větrovka Nationen","https://www.vsenastolnitenis.cz/cz/textil/bundy-46/vetrovka-nationen-10371805","2026-01-13T00:00:00","H:/Desaka\vsenastolnitenis\Full_13.01.2026\VseNaStolniTenisOutput.csv"
"VseNaStolniTenis","BUTTERFLY-Xero","https://www.vsenastolnitenis.cz/cz/textil/polokosile-38/butterfly-xero-10301614","2026-01-13T00:00:00","H:/Desaka\vsenastolnitenis\Full_13.01.2026\VseNaStolniTenisOutput.csv"
"VseNaStolniTenis","BUTTERFLY-Xstar V","https://www.vsenastolnitenis.cz/cz/dreva/off-23/xstar-v-10102404","2026-01-13T00:00:00","H:/Desaka\vsenastolnitenis\Full_13.01.2026\VseNaStolniTenisOutput.csv"
"VseNaStolniTenis","BUTTERFLY-Yao","https://www.vsenastolnitenis.cz/cz/akcni-nabidka/textil-81/yao-10301808","2026-01-13T00:00:00","H:/Desaka\vsenastolnitenis\Full_13.01.2026\VseNaStolniTenisOutput.csv"
"VseNaStolniTenis","BUTTERFLY-Yasu","https://www.vsenastolnitenis.cz/cz/akcni-nabidka/textil-81/yasu-10301709","2026-01-13T00:00:00","H:/Desaka\vsenastolnitenis\Full_13.01.2026\VseNaStolniTenisOutput.csv"
"VseNaStolniTenis","BUTTERFLY-Yasu (bavlna)","https://www.vsenastolnitenis.cz/cz/akcni-nabidka/textil-81/yasu-bavlna-10301713","2026-01-13T00:00:00","H:/Desaka\vsenastolnitenis\Full_13.01.2026\VseNaStolniTenisOutput.csv"
"VseNaStolniTenis","BUTTERFLY-Yasu Lady","https://www.vsenastolnitenis.cz/cz/textil/polokosile-38/butterfly-yasu-lady-10301714","2026-01-13T00:00:00","H:/Desaka\vsenastolnitenis\Full_13.01.2026\VseNaStolniTenisOutput.csv"
"VseNaStolniTenis","BUTTERFLY-Yasu šortky","https://www.vsenastolnitenis.cz/cz/akcni-nabidka/sortky-139/yasu-sortky-10321701","2026-01-13T00:00:00","H:/Desaka\vsenastolnitenis\Full_13.01.2026\VseNaStolniTenisOutput.csv"
"VseNaStolniTenis","BUTTERFLY-Yasyo Maxi","https://www.vsenastolnitenis.cz/cz/doplnky/tasky-118/butterfly-yasyo-maxi-10502003","2026-01-13T00:00:00","H:/Desaka\vsenastolnitenis\Full_13.01.2026\VseNaStolniTenisOutput.csv"
"VseNaStolniTenis","BUTTERFLY-Zhang Jike ALC","https://www.vsenastolnitenis.cz/cz/dreva/off-24/zhang-jike-alc-10101308","2026-01-13T00:00:00","H:/Desaka\vsenastolnitenis\Full_13.01.2026\VseNaStolniTenisOutput.csv"
"VseNaStolniTenis","BUTTERFLY-Zhang Jike ALC + Tenergy 05","https://www.vsenastolnitenis.cz/cz/palky/zavodni-nad-2-000-kc-284/zhang-jike-alc-tenergy-05-10202009","2026-01-13T00:00:00","H:/Desaka\vsenastolnitenis\Full_13.01.2026\VseNaStolniTenisOutput.csv"
"VseNaStolniTenis","BUTTERFLY-Zhang Jike Super ZLC","https://www.vsenastolnitenis.cz/cz/dreva/off-24/butterfly-zhang-jike-super-zlc-10101310","2026-01-13T00:00:00","H:/Desaka\vsenastolnitenis\Full_13.01.2026\VseNaStolniTenisOutput.csv"
"VseNaStolniTenis","BUTTERFLY-Zhang Jike Super ZLC + Dignics 09C","https://www.vsenastolnitenis.cz/cz/palky/zavodni-nad-2-000-kc-284/zhang-jike-super-zlc-dignics-09c-10202006","2026-01-13T00:00:00","H:/Desaka\vsenastolnitenis\Full_13.01.2026\VseNaStolniTenisOutput.csv"
"VseNaStolniTenis","BUTTERFLY-Zhang Jike T5000","https://www.vsenastolnitenis.cz/cz/dreva/off-24/zhang-jike-t5000-10101307","2026-01-13T00:00:00","H:/Desaka\vsenastolnitenis\Full_13.01.2026\VseNaStolniTenisOutput.csv"
"VseNaStolniTenis","BUTTERFLY-Zhang Jike ZJX6","https://www.vsenastolnitenis.cz/cz/palky/rekreacni-nad-1-000-kc-282/butterfly-zhang-jike-zjx6-10201711","2026-01-13T00:00:00","H:/Desaka\vsenastolnitenis\Full_13.01.2026\VseNaStolniTenisOutput.csv"
"VseNaStolniTenis","BUTTERFLY-Zhang Jike ZJX6 + pouzdro Cell Case I","https://www.vsenastolnitenis.cz/cz/akcni-nabidka/palky-106/zhang-jike-zjx6-pouzdro-cell-case-i-10201722","2026-01-13T00:00:00","H:/Desaka\vsenastolnitenis\Full_13.01.2026\VseNaStolniTenisOutput.csv"
"VseNaStolniTenis","BUTTERFLY-Zhang Jike ZLC","https://www.vsenastolnitenis.cz/cz/dreva/off-24/butterfly-zhang-jike-zlc-10101309","2026-01-13T00:00:00","H:/Desaka\vsenastolnitenis\Full_13.01.2026\VseNaStolniTenisOutput.csv"
"VseNaStolniTenis","BUTTERFLY-Zyre 03","https://www.vsenastolnitenis.cz/cz/potahy/softy-utocne-26/zyre-03-10002502-3","2026-01-13T00:00:00","H:/Desaka\vsenastolnitenis\Full_13.01.2026\VseNaStolniTenisOutput.csv"
"VseNaStolniTenis","Der Materialspezialist-Breakout","https://www.vsenastolnitenis.cz/cz/potahy/sendvice-31/der-materialspezialist-breakout-39001702","2026-01-13T00:00:00","H:/Desaka\vsenastolnitenis\Full_13.01.2026\VseNaStolniTenisOutput.csv"
"VseNaStolniTenis","Der Materialspezialist-Burnout","https://www.vsenastolnitenis.cz/cz/potahy/sendvice-31/der-materialspezialist-burnout-39001701","2026-01-13T00:00:00","H:/Desaka\vsenastolnitenis\Full_13.01.2026\VseNaStolniTenisOutput.csv"
"VseNaStolniTenis","Der Materialspezialist-Diabolic Extra slow + fólie","https://www.vsenastolnitenis.cz/cz/potahy/antitopspiny-29/der-materialspezialist-diabolic-extra-slow-folie-39001908","2026-01-13T00:00:00","H:/Desaka\vsenastolnitenis\Full_13.01.2026\VseNaStolniTenisOutput.csv"
"VseNaStolniTenis","Der Materialspezialist-Elimination Extra long","https://www.vsenastolnitenis.cz/cz/potahy/travy-30/der-materialspezialist-elimination-extra-long-39001711","2026-01-13T00:00:00","H:/Desaka\vsenastolnitenis\Full_13.01.2026\VseNaStolniTenisOutput.csv"
"VseNaStolniTenis","Der Materialspezialist-Elite long","https://www.vsenastolnitenis.cz/cz/potahy/travy-30/der-materialspezialist-elite-long-39001905","2026-01-13T00:00:00","H:/Desaka\vsenastolnitenis\Full_13.01.2026\VseNaStolniTenisOutput.csv"
"VseNaStolniTenis","Der Materialspezialist-Fakir","https://www.vsenastolnitenis.cz/cz/potahy/travy-30/fakir-39002401","2026-01-13T00:00:00","H:/Desaka\vsenastolnitenis\Full_13.01.2026\VseNaStolniTenisOutput.csv"
"VseNaStolniTenis","Der Materialspezialist-Firestorm","https://www.vsenastolnitenis.cz/cz/potahy/sendvice-31/der-materialspezialist-firestorm-39001802","2026-01-13T00:00:00","H:/Desaka\vsenastolnitenis\Full_13.01.2026\VseNaStolniTenisOutput.csv"
"VseNaStolniTenis","Der Materialspezialist-Firestorm soft","https://www.vsenastolnitenis.cz/cz/potahy/sendvice-31/der-materialspezialist-firestorm-soft-39001906","2026-01-13T00:00:00","H:/Desaka\vsenastolnitenis\Full_13.01.2026\VseNaStolniTenisOutput.csv"
"VseNaStolniTenis","Der Materialspezialist-Flashback","https://www.vsenastolnitenis.cz/cz/potahy/polotravy-135/flashback-39002004","2026-01-13T00:00:00","H:/Desaka\vsenastolnitenis\Full_13.01.2026\VseNaStolniTenisOutput.csv"
"VseNaStolniTenis","Der Materialspezialist-Hellcat","https://www.vsenastolnitenis.cz/cz/potahy/polotravy-135/der-materialspezialist-hellcat-39001703","2026-01-13T00:00:00","H:/Desaka\vsenastolnitenis\Full_13.01.2026\VseNaStolniTenisOutput.csv"
"VseNaStolniTenis","Der Materialspezialist-Hellracer","https://www.vsenastolnitenis.cz/cz/potahy/sendvice-31/hellracer-39002002","2026-01-13T00:00:00","H:/Desaka\vsenastolnitenis\Full_13.01.2026\VseNaStolniTenisOutput.csv"
"VseNaStolniTenis","Der Materialspezialist-Kamikaze","https://www.vsenastolnitenis.cz/cz/potahy/travy-30/der-materialspezialist-kamikaze-39001801","2026-01-13T00:00:00","H:/Desaka\vsenastolnitenis\Full_13.01.2026\VseNaStolniTenisOutput.csv"
"VseNaStolniTenis","Der Materialspezialist-L.S.D Extra Long","https://www.vsenastolnitenis.cz/cz/potahy/travy-30/l-s-d-extra-long-39002001","2026-01-13T00:00:00","H:/Desaka\vsenastolnitenis\Full_13.01.2026\VseNaStolniTenisOutput.csv"
"VseNaStolniTenis","Der Materialspezialist-Outkill","https://www.vsenastolnitenis.cz/cz/potahy/sendvice-31/der-materialspezialist-outkill-39001714","2026-01-13T00:00:00","H:/Desaka\vsenastolnitenis\Full_13.01.2026\VseNaStolniTenisOutput.csv"
"VseNaStolniTenis","Der Materialspezialist-Power Pipes","https://www.vsenastolnitenis.cz/cz/potahy/polotravy-135/power-pipes-39001803","2026-01-13T00:00:00","H:/Desaka\vsenastolnitenis\Full_13.01.2026\VseNaStolniTenisOutput.csv"
"VseNaStolniTenis","Der Materialspezialist-Predator","https://www.vsenastolnitenis.cz/cz/potahy/travy-30/der-materialspezialist-predator-39001705","2026-01-13T00:00:00","H:/Desaka\vsenastolnitenis\Full_13.01.2026\VseNaStolniTenisOutput.csv"
"VseNaStolniTenis","Der Materialspezialist-Rebellion","https://www.vsenastolnitenis.cz/cz/potahy/travy-30/der-materialspezialist-rebellion-39001704","2026-01-13T00:00:00","H:/Desaka\vsenastolnitenis\Full_13.01.2026\VseNaStolniTenisOutput.csv"
"VseNaStolniTenis","Der Materialspezialist-Reflection","https://www.vsenastolnitenis.cz/cz/potahy/antitopspiny-29/der-materialspezialist-reflection-39001804","2026-01-13T00:00:00","H:/Desaka\vsenastolnitenis\Full_13.01.2026\VseNaStolniTenisOutput.csv"
"VseNaStolniTenis","Der Materialspezialist-Scandal + fólie zdarma","https://www.vsenastolnitenis.cz/cz/potahy/antitopspiny-29/der-materialspezialist-scandal-folie-zdarma-39001904","2026-01-13T00:00:00","H:/Desaka\vsenastolnitenis\Full_13.01.2026\VseNaStolniTenisOutput.csv"
"VseNaStolniTenis","Der Materialspezialist-Shockwave","https://www.vsenastolnitenis.cz/cz/potahy/polotravy-135/shockwave-39001712","2026-01-13T00:00:00","H:/Desaka\vsenastolnitenis\Full_13.01.2026\VseNaStolniTenisOutput.csv"
"VseNaStolniTenis","Der Materialspezialist-Spectre","https://www.vsenastolnitenis.cz/cz/potahy/travy-30/spectre-39002201","2026-01-13T00:00:00","H:/Desaka\vsenastolnitenis\Full_13.01.2026\VseNaStolniTenisOutput.csv"
"VseNaStolniTenis","Der Materialspezialist-Spinfire","https://www.vsenastolnitenis.cz/cz/potahy/sendvice-31/spinfire-39002202","2026-01-13T00:00:00","H:/Desaka\vsenastolnitenis\Full_13.01.2026\VseNaStolniTenisOutput.csv"
"VseNaStolniTenis","Der Materialspezialist-Spinfire Soft","https://www.vsenastolnitenis.cz/cz/potahy/sendvice-31/spinfire-soft-39002403","2026-01-13T00:00:00","H:/Desaka\vsenastolnitenis\Full_13.01.2026\VseNaStolniTenisOutput.csv"
"VseNaStolniTenis","Der Materialspezialist-Spinparasite","https://www.vsenastolnitenis.cz/cz/potahy/antitopspiny-29/der-materialspezialist-spinparasite-39001707","2026-01-13T00:00:00","H:/Desaka\vsenastolnitenis\Full_13.01.2026\VseNaStolniTenisOutput.csv"
"VseNaStolniTenis","Der Materialspezialist-Storkraft","https://www.vsenastolnitenis.cz/cz/potahy/antitopspiny-29/storkraft-39002003","2026-01-13T00:00:00","H:/Desaka\vsenastolnitenis\Full_13.01.2026\VseNaStolniTenisOutput.csv"
"VseNaStolniTenis","Der Materialspezialist-Superwall","https://www.vsenastolnitenis.cz/cz/potahy/travy-30/der-materialspezialist-superwall-39001706","2026-01-13T00:00:00","H:/Desaka\vsenastolnitenis\Full_13.01.2026\VseNaStolniTenisOutput.csv"
"VseNaStolniTenis","Der Materialspezialist-Tenacious Violence","https://www.vsenastolnitenis.cz/cz/potahy/softy-utocne-26/der-materialspezialist-tenacious-violence-39001901","2026-01-13T00:00:00","H:/Desaka\vsenastolnitenis\Full_13.01.2026\VseNaStolniTenisOutput.csv"
"VseNaStolniTenis","Der Materialspezialist-Tenacious Violence Speed","https://www.vsenastolnitenis.cz/cz/potahy/softy-utocne-26/der-materialspezialist-tenacious-violence-speed-39001902","2026-01-13T00:00:00","H:/Desaka\vsenastolnitenis\Full_13.01.2026\VseNaStolniTenisOutput.csv"
"VseNaStolniTenis","Der Materialspezialist-Transformer","https://www.vsenastolnitenis.cz/cz/potahy/antitopspiny-29/der-materialspezialist-transformer-39001708","2026-01-13T00:00:00","H:/Desaka\vsenastolnitenis\Full_13.01.2026\VseNaStolniTenisOutput.csv"
"VseNaStolniTenis","Der Materialspezialist-Transformer Extra slow + fólie","https://www.vsenastolnitenis.cz/cz/potahy/antitopspiny-29/der-materialspezialist-transformer-extra-slow-folie-39001907","2026-01-13T00:00:00","H:/Desaka\vsenastolnitenis\Full_13.01.2026\VseNaStolniTenisOutput.csv"
"VseNaStolniTenis","Der Materialspezialist-TTR Hunter","https://www.vsenastolnitenis.cz/cz/potahy/softy-utocne-26/ttr-hunter-39002502","2026-01-13T00:00:00","H:/Desaka\vsenastolnitenis\Full_13.01.2026\VseNaStolniTenisOutput.csv"
"VseNaStolniTenis","Der Materialspezialist-TTR Hunter Medium","https://www.vsenastolnitenis.cz/cz/potahy/softy-utocne-26/ttr-hunter-medium-39002503","2026-01-13T00:00:00","H:/Desaka\vsenastolnitenis\Full_13.01.2026\VseNaStolniTenisOutput.csv"
"VseNaStolniTenis","Der Materialspezialist-TTR Hunter Soft","https://www.vsenastolnitenis.cz/cz/potahy/softy-utocne-26/ttr-hunter-soft-39002504","2026-01-13T00:00:00","H:/Desaka\vsenastolnitenis\Full_13.01.2026\VseNaStolniTenisOutput.csv"
"VseNaStolniTenis","Der Materialspezialist-TTR-Killer","https://www.vsenastolnitenis.cz/cz/potahy/antitopspiny-29/ttr-killer-39002301","2026-01-13T00:00:00","H:/Desaka\vsenastolnitenis\Full_13.01.2026\VseNaStolniTenisOutput.csv"
"VseNaStolniTenis","Der Materialspezialist-TTR-Killer Soft","https://www.vsenastolnitenis.cz/cz/potahy/antitopspiny-29/ttr-killer-soft-39002404","2026-01-13T00:00:00","H:/Desaka\vsenastolnitenis\Full_13.01.2026\VseNaStolniTenisOutput.csv"
"VseNaStolniTenis","Der Materialspezialist-Turtle twister","https://www.vsenastolnitenis.cz/cz/potahy/softy-obranne-28/der-materialspezialist-turtle-twister-39001715","2026-01-13T00:00:00","H:/Desaka\vsenastolnitenis\Full_13.01.2026\VseNaStolniTenisOutput.csv"
"VseNaStolniTenis","Der Materialspezialist-Turtle twister soft","https://www.vsenastolnitenis.cz/cz/potahy/softy-obranne-28/der-materialspezialist-turtle-twister-soft-39001716","2026-01-13T00:00:00","H:/Desaka\vsenastolnitenis\Full_13.01.2026\VseNaStolniTenisOutput.csv"
"VseNaStolniTenis","Der Materialspezialist-Wildfire","https://www.vsenastolnitenis.cz/cz/potahy/polotravy-135/wildfire-39002501","2026-01-13T00:00:00","H:/Desaka\vsenastolnitenis\Full_13.01.2026\VseNaStolniTenisOutput.csv"
"VseNaStolniTenis","DHS-Bez potisku (1 ks)","https://www.vsenastolnitenis.cz/cz/micky/reklamni-114/dhs-bez-potisku-1-ks-18701312","2026-01-13T00:00:00","H:/Desaka\vsenastolnitenis\Full_13.01.2026\VseNaStolniTenisOutput.csv"
"VseNaStolniTenis","DHS-Double Circle 40+* (120 ks)","https://www.vsenastolnitenis.cz/cz/micky/treninkove-plastove-77/double-circle-40-120-ks-18701705","2026-01-13T00:00:00","H:/Desaka\vsenastolnitenis\Full_13.01.2026\VseNaStolniTenisOutput.csv"
"VseNaStolniTenis","DHS-Dual D40+ *** (10 ks)","https://www.vsenastolnitenis.cz/cz/micky/zavodni-plastove-76/dual-d40-10-ks-18701706","2026-01-13T00:00:00","H:/Desaka\vsenastolnitenis\Full_13.01.2026\VseNaStolniTenisOutput.csv"
"VseNaStolniTenis","DHS-Dual D40+ *** (100 ks)","https://www.vsenastolnitenis.cz/cz/micky/zavodni-plastove-76/dhs-dual-d40-100-ks-18701703","2026-01-13T00:00:00","H:/Desaka\vsenastolnitenis\Full_13.01.2026\VseNaStolniTenisOutput.csv"
"VseNaStolniTenis","DHS-Dual D40+* (10 ks)","https://www.vsenastolnitenis.cz/cz/micky/treninkove-plastove-77/dhs-40-dual-10-ks-18701701","2026-01-13T00:00:00","H:/Desaka\vsenastolnitenis\Full_13.01.2026\VseNaStolniTenisOutput.csv"
"VseNaStolniTenis","DHS-Dual D40+* (100 ks)","https://www.vsenastolnitenis.cz/cz/micky/treninkove-plastove-77/dhs-dual-d40-100-ks-18701704","2026-01-13T00:00:00","H:/Desaka\vsenastolnitenis\Full_13.01.2026\VseNaStolniTenisOutput.csv"
"VseNaStolniTenis","DHS-Hurricane Long 3","https://www.vsenastolnitenis.cz/cz/dreva/off-25/dhs-hurricane-long-2-18101901","2026-01-13T00:00:00","H:/Desaka\vsenastolnitenis\Full_13.01.2026\VseNaStolniTenisOutput.csv"
"VseNaStolniTenis","DHS-Outdoor D40+ (10 ks)","https://www.vsenastolnitenis.cz/cz/micky/venkovni-350/outdoor-d40-10-ks-18701711","2026-01-13T00:00:00","H:/Desaka\vsenastolnitenis\Full_13.01.2026\VseNaStolniTenisOutput.csv"
"VseNaStolniTenis","DHS-Poudro Rhino","https://www.vsenastolnitenis.cz/cz/doplnky/pouzdra-120/poudro-rhino-18512501","2026-01-13T00:00:00","H:/Desaka\vsenastolnitenis\Full_13.01.2026\VseNaStolniTenisOutput.csv"
"VseNaStolniTenis","DHS-Skyline 2 Neo","https://www.vsenastolnitenis.cz/cz/potahy/softy-utocne-26/dhs-skyline-2-neo-18001605","2026-01-13T00:00:00","H:/Desaka\vsenastolnitenis\Full_13.01.2026\VseNaStolniTenisOutput.csv"
"VseNaStolniTenis","DHS-Skyline 3 Neo","https://www.vsenastolnitenis.cz/cz/potahy/softy-utocne-26/dhs-skyline-3-neo-18001606","2026-01-13T00:00:00","H:/Desaka\vsenastolnitenis\Full_13.01.2026\VseNaStolniTenisOutput.csv"
"VseNaStolniTenis","DHS-vše na stolní tenis.cz (6 ks)","https://www.vsenastolnitenis.cz/cz/micky/treninkove-plastove-77/vse-na-stolni-tenis-cz-6-ks-18701708","2026-01-13T00:00:00","H:/Desaka\vsenastolnitenis\Full_13.01.2026\VseNaStolniTenisOutput.csv"
"VseNaStolniTenis","DHS-vše na stolní tenis.cz (72 ks)","https://www.vsenastolnitenis.cz/cz/micky/treninkove-plastove-77/vse-na-stolni-tenis-cz-72-ks-18701707","2026-01-13T00:00:00","H:/Desaka\vsenastolnitenis\Full_13.01.2026\VseNaStolniTenisOutput.csv"
"VseNaStolniTenis","DONIC-Agile","https://www.vsenastolnitenis.cz/cz/akcni-nabidka/tricka-a-polokosile-81/agile-14311901","2026-01-13T00:00:00","H:/Desaka\vsenastolnitenis\Full_13.01.2026\VseNaStolniTenisOutput.csv"
"VseNaStolniTenis","DONIC-Agile - reklamní","https://www.vsenastolnitenis.cz/cz/akcni-nabidka/tricka-a-polokosile-81/agile-reklamni-14311903","2026-01-13T00:00:00","H:/Desaka\vsenastolnitenis\Full_13.01.2026\VseNaStolniTenisOutput.csv"
"VseNaStolniTenis","DONIC-Air","https://www.vsenastolnitenis.cz/cz/akcni-nabidka/textil-81/air-14301808","2026-01-13T00:00:00","H:/Desaka\vsenastolnitenis\Full_13.01.2026\VseNaStolniTenisOutput.csv"
"VseNaStolniTenis","DONIC-Akkadi Taichi","https://www.vsenastolnitenis.cz/cz/potahy/softy-univerzalni-27/donic-akkadi-taichi-14001234","2026-01-13T00:00:00","H:/Desaka\vsenastolnitenis\Full_13.01.2026\VseNaStolniTenisOutput.csv"
"VseNaStolniTenis","DONIC-Alligator Combi","https://www.vsenastolnitenis.cz/cz/dreva/def-19/donic-alligator-combi-14101256","2026-01-13T00:00:00","H:/Desaka\vsenastolnitenis\Full_13.01.2026\VseNaStolniTenisOutput.csv"
"VseNaStolniTenis","DONIC-Alligator Def","https://www.vsenastolnitenis.cz/cz/potahy/travy-30/donic-alligator-def-14001241","2026-01-13T00:00:00","H:/Desaka\vsenastolnitenis\Full_13.01.2026\VseNaStolniTenisOutput.csv"
"VseNaStolniTenis","DONIC-Appelgren ALL+ World Champion 89","https://www.vsenastolnitenis.cz/cz/dreva/all-22/donic-appelgren-all-world-champion-89-14101403","2026-01-13T00:00:00","H:/Desaka\vsenastolnitenis\Full_13.01.2026\VseNaStolniTenisOutput.csv"
"VseNaStolniTenis","DONIC-Appelgren Allplay","https://www.vsenastolnitenis.cz/cz/dreva/all-20/donic-appelgren-allplay-14101249","2026-01-13T00:00:00","H:/Desaka\vsenastolnitenis\Full_13.01.2026\VseNaStolniTenisOutput.csv"
"VseNaStolniTenis","DONIC-Appelgren Allplay Senso V1","https://www.vsenastolnitenis.cz/cz/dreva/all-21/donic-appelgren-allplay-senso-v1-14101248","2026-01-13T00:00:00","H:/Desaka\vsenastolnitenis\Full_13.01.2026\VseNaStolniTenisOutput.csv"
"VseNaStolniTenis","DONIC-Appelgren Allplay Senso V2","https://www.vsenastolnitenis.cz/cz/dreva/all-20/donic-appelgren-allplay-senso-v2-14101250","2026-01-13T00:00:00","H:/Desaka\vsenastolnitenis\Full_13.01.2026\VseNaStolniTenisOutput.csv"
"VseNaStolniTenis","DONIC-Appelgren Dotec Control","https://www.vsenastolnitenis.cz/cz/dreva/all-22/donic-appelgren-dotec-control-14101218","2026-01-13T00:00:00","H:/Desaka\vsenastolnitenis\Full_13.01.2026\VseNaStolniTenisOutput.csv"
"VseNaStolniTenis","DONIC-Appelgren Exclusive AR","https://www.vsenastolnitenis.cz/cz/dreva/all-21/donic-appelgren-exclusive-ar-14101254","2026-01-13T00:00:00","H:/Desaka\vsenastolnitenis\Full_13.01.2026\VseNaStolniTenisOutput.csv"
"VseNaStolniTenis","DONIC-Argon","https://www.vsenastolnitenis.cz/cz/textil/tricka-39/argon-14312204","2026-01-13T00:00:00","H:/Desaka\vsenastolnitenis\Full_13.01.2026\VseNaStolniTenisOutput.csv"
"VseNaStolniTenis","DONIC-Aspen","https://www.vsenastolnitenis.cz/cz/textil/bundy-46/aspen-14372502","2026-01-13T00:00:00","H:/Desaka\vsenastolnitenis\Full_13.01.2026\VseNaStolniTenisOutput.csv"
"VseNaStolniTenis","DONIC-Assist","https://www.vsenastolnitenis.cz/cz/textil/bundy-46/assist-14372101","2026-01-13T00:00:00","H:/Desaka\vsenastolnitenis\Full_13.01.2026\VseNaStolniTenisOutput.csv"
"VseNaStolniTenis","DONIC-Atlas","https://www.vsenastolnitenis.cz/cz/textil/tricka-39/atlas-14312301","2026-01-13T00:00:00","H:/Desaka\vsenastolnitenis\Full_13.01.2026\VseNaStolniTenisOutput.csv"
"VseNaStolniTenis","DONIC-Aviator","https://www.vsenastolnitenis.cz/cz/textil/polokosile-38/aviator-14302404","2026-01-13T00:00:00","H:/Desaka\vsenastolnitenis\Full_13.01.2026\VseNaStolniTenisOutput.csv"
"VseNaStolniTenis","DONIC-Basic","https://www.vsenastolnitenis.cz/cz/textil/sortky-40/basic-14322201","2026-01-13T00:00:00","H:/Desaka\vsenastolnitenis\Full_13.01.2026\VseNaStolniTenisOutput.csv"
"VseNaStolniTenis","DONIC-Baxster F1-A","https://www.vsenastolnitenis.cz/cz/potahy/sendvice-31/donic-baxster-f1-a-14001238","2026-01-13T00:00:00","H:/Desaka\vsenastolnitenis\Full_13.01.2026\VseNaStolniTenisOutput.csv"
"VseNaStolniTenis","DONIC-Beam","https://www.vsenastolnitenis.cz/cz/textil/sortky-40/beam-14322404","2026-01-13T00:00:00","H:/Desaka\vsenastolnitenis\Full_13.01.2026\VseNaStolniTenisOutput.csv"
"VseNaStolniTenis","DONIC-Blaze","https://www.vsenastolnitenis.cz/cz/doplnky/tasky-118/blaze-14502501","2026-01-13T00:00:00","H:/Desaka\vsenastolnitenis\Full_13.01.2026\VseNaStolniTenisOutput.csv"
"VseNaStolniTenis","DONIC-Blitz","https://www.vsenastolnitenis.cz/cz/akcni-nabidka/tricka-a-polokosile-81/blitz-14301902","2026-01-13T00:00:00","H:/Desaka\vsenastolnitenis\Full_13.01.2026\VseNaStolniTenisOutput.csv"
"VseNaStolniTenis","DONIC-Blitz Lady","https://www.vsenastolnitenis.cz/cz/akcni-nabidka/tricka-a-polokosile-81/blitz-lady-14301904","2026-01-13T00:00:00","H:/Desaka\vsenastolnitenis\Full_13.01.2026\VseNaStolniTenisOutput.csv"
"VseNaStolniTenis","DONIC-Blue Contact (1000 ml)","https://www.vsenastolnitenis.cz/cz/doplnky/lepidla-vodou-reditelna-123/donic-blue-contact-1000-ml-14601302","2026-01-13T00:00:00","H:/Desaka\vsenastolnitenis\Full_13.01.2026\VseNaStolniTenisOutput.csv"
"VseNaStolniTenis","DONIC-Blue Contact (90 ml)","https://www.vsenastolnitenis.cz/cz/doplnky/lepidla-vodou-reditelna-123/donic-blue-contact-90-ml-14601301","2026-01-13T00:00:00","H:/Desaka\vsenastolnitenis\Full_13.01.2026\VseNaStolniTenisOutput.csv"
"VseNaStolniTenis","DONIC-Bluegrip C1","https://www.vsenastolnitenis.cz/cz/potahy/softy-utocne-26/bluegrip-c1-14002001","2026-01-13T00:00:00","H:/Desaka\vsenastolnitenis\Full_13.01.2026\VseNaStolniTenisOutput.csv"
"VseNaStolniTenis","DONIC-Bluegrip C2","https://www.vsenastolnitenis.cz/cz/potahy/softy-utocne-26/bluegrip-c2-14002002","2026-01-13T00:00:00","H:/Desaka\vsenastolnitenis\Full_13.01.2026\VseNaStolniTenisOutput.csv"
"VseNaStolniTenis","DONIC-BlueGrip J1","https://www.vsenastolnitenis.cz/cz/potahy/softy-utocne-26/bluegrip-j1-14002501","2026-01-13T00:00:00","H:/Desaka\vsenastolnitenis\Full_13.01.2026\VseNaStolniTenisOutput.csv"
"VseNaStolniTenis","DONIC-BlueGrip J2","https://www.vsenastolnitenis.cz/cz/potahy/softy-utocne-26/bluegrip-j2-14002502","2026-01-13T00:00:00","H:/Desaka\vsenastolnitenis\Full_13.01.2026\VseNaStolniTenisOutput.csv"
"VseNaStolniTenis","DONIC-BlueGrip J3","https://www.vsenastolnitenis.cz/cz/potahy/softy-utocne-26/bluegrip-j3-14002503","2026-01-13T00:00:00","H:/Desaka\vsenastolnitenis\Full_13.01.2026\VseNaStolniTenisOutput.csv"
"VseNaStolniTenis","DONIC-Bluegrip S1","https://www.vsenastolnitenis.cz/cz/potahy/softy-utocne-26/bluegrip-s1-14002301","2026-01-13T00:00:00","H:/Desaka\vsenastolnitenis\Full_13.01.2026\VseNaStolniTenisOutput.csv"
"VseNaStolniTenis","DONIC-Bluegrip S2","https://www.vsenastolnitenis.cz/cz/potahy/softy-utocne-26/bluegrip-s2-14002101","2026-01-13T00:00:00","H:/Desaka\vsenastolnitenis\Full_13.01.2026\VseNaStolniTenisOutput.csv"
"VseNaStolniTenis","DONIC-Bluestar","https://www.vsenastolnitenis.cz/cz/textil/tricka-39/bluestar-14312311","2026-01-13T00:00:00","H:/Desaka\vsenastolnitenis\Full_13.01.2026\VseNaStolniTenisOutput.csv"
"VseNaStolniTenis","DONIC-Bluestar A1","https://www.vsenastolnitenis.cz/cz/potahy/softy-utocne-26/bluestar-a1-14002302","2026-01-13T00:00:00","H:/Desaka\vsenastolnitenis\Full_13.01.2026\VseNaStolniTenisOutput.csv"
"VseNaStolniTenis","DONIC-Bluestar A2","https://www.vsenastolnitenis.cz/cz/potahy/softy-utocne-26/bluestar-a2-14002304","2026-01-13T00:00:00","H:/Desaka\vsenastolnitenis\Full_13.01.2026\VseNaStolniTenisOutput.csv"
"VseNaStolniTenis","DONIC-Bluestar A3","https://www.vsenastolnitenis.cz/cz/potahy/softy-utocne-26/bluestar-a3-14002306","2026-01-13T00:00:00","H:/Desaka\vsenastolnitenis\Full_13.01.2026\VseNaStolniTenisOutput.csv"
"VseNaStolniTenis","DONIC-Bluestorm Big Slam","https://www.vsenastolnitenis.cz/cz/potahy/softy-utocne-26/donic-bluestorm-big-slam-14001802","2026-01-13T00:00:00","H:/Desaka\vsenastolnitenis\Full_13.01.2026\VseNaStolniTenisOutput.csv"
"VseNaStolniTenis","DONIC-Bluestorm Pro","https://www.vsenastolnitenis.cz/cz/potahy/softy-utocne-26/bluestorm-pro-14002103","2026-01-13T00:00:00","H:/Desaka\vsenastolnitenis\Full_13.01.2026\VseNaStolniTenisOutput.csv"
"VseNaStolniTenis","DONIC-Bluestorm Pro AM","https://www.vsenastolnitenis.cz/cz/potahy/softy-utocne-26/bluestorm-pro-am-14002102","2026-01-13T00:00:00","H:/Desaka\vsenastolnitenis\Full_13.01.2026\VseNaStolniTenisOutput.csv"
"VseNaStolniTenis","DONIC-Bluestorm Z1","https://www.vsenastolnitenis.cz/cz/potahy/softy-utocne-26/donic-bluestorm-z1-14001701","2026-01-13T00:00:00","H:/Desaka\vsenastolnitenis\Full_13.01.2026\VseNaStolniTenisOutput.csv"
"VseNaStolniTenis","DONIC-Bluestorm Z1 Turbo","https://www.vsenastolnitenis.cz/cz/potahy/softy-utocne-26/donic-bluestorm-z1-turbo-14001801","2026-01-13T00:00:00","H:/Desaka\vsenastolnitenis\Full_13.01.2026\VseNaStolniTenisOutput.csv"
"VseNaStolniTenis","DONIC-Bluestorm Z2","https://www.vsenastolnitenis.cz/cz/potahy/softy-utocne-26/donic-bluestorm-z2-14001702","2026-01-13T00:00:00","H:/Desaka\vsenastolnitenis\Full_13.01.2026\VseNaStolniTenisOutput.csv"
"VseNaStolniTenis","DONIC-Bluestorm Z3","https://www.vsenastolnitenis.cz/cz/potahy/softy-utocne-26/donic-bluestorm-z3-14001703","2026-01-13T00:00:00","H:/Desaka\vsenastolnitenis\Full_13.01.2026\VseNaStolniTenisOutput.csv"
"VseNaStolniTenis","DONIC-Bound","https://www.vsenastolnitenis.cz/cz/textil/tricka-39/bound-14312203","2026-01-13T00:00:00","H:/Desaka\vsenastolnitenis\Full_13.01.2026\VseNaStolniTenisOutput.csv"
"VseNaStolniTenis","DONIC-Brush","https://www.vsenastolnitenis.cz/cz/doplnky/tasky-118/brush-14502504","2026-01-13T00:00:00","H:/Desaka\vsenastolnitenis\Full_13.01.2026\VseNaStolniTenisOutput.csv"
"VseNaStolniTenis","DONIC-Burn ALL+","https://www.vsenastolnitenis.cz/cz/dreva/all-22/donic-burn-all-14101208","2026-01-13T00:00:00","H:/Desaka\vsenastolnitenis\Full_13.01.2026\VseNaStolniTenisOutput.csv"
"VseNaStolniTenis","DONIC-Burn OFF","https://www.vsenastolnitenis.cz/cz/dreva/off-24/donic-burn-off-14101206","2026-01-13T00:00:00","H:/Desaka\vsenastolnitenis\Full_13.01.2026\VseNaStolniTenisOutput.csv"
"VseNaStolniTenis","DONIC-Burn OFF-","https://www.vsenastolnitenis.cz/cz/dreva/off-23/donic-burn-off-14101207","2026-01-13T00:00:00","H:/Desaka\vsenastolnitenis\Full_13.01.2026\VseNaStolniTenisOutput.csv"
"VseNaStolniTenis","DONIC-Caliber","https://www.vsenastolnitenis.cz/cz/textil/polokosile-38/caliber-14302306","2026-01-13T00:00:00","H:/Desaka\vsenastolnitenis\Full_13.01.2026\VseNaStolniTenisOutput.csv"
"VseNaStolniTenis","DONIC-Caliber Lady","https://www.vsenastolnitenis.cz/cz/textil/tricka-39/caliber-lady-14312309","2026-01-13T00:00:00","H:/Desaka\vsenastolnitenis\Full_13.01.2026\VseNaStolniTenisOutput.csv"
"VseNaStolniTenis","DONIC-Cayman","https://www.vsenastolnitenis.cz/cz/dreva/all-21/donic-cayman-14101255","2026-01-13T00:00:00","H:/Desaka\vsenastolnitenis\Full_13.01.2026\VseNaStolniTenisOutput.csv"
"VseNaStolniTenis","DONIC-Clash","https://www.vsenastolnitenis.cz/cz/akcni-nabidka/tricka-a-polokosile-81/clash-14302002","2026-01-13T00:00:00","H:/Desaka\vsenastolnitenis\Full_13.01.2026\VseNaStolniTenisOutput.csv"
"VseNaStolniTenis","DONIC-Clash Lady","https://www.vsenastolnitenis.cz/cz/akcni-nabidka/tricka-a-polokosile-81/clash-lady-14302010","2026-01-13T00:00:00","H:/Desaka\vsenastolnitenis\Full_13.01.2026\VseNaStolniTenisOutput.csv"
"VseNaStolniTenis","DONIC-Clashflex","https://www.vsenastolnitenis.cz/cz/akcni-nabidka/tricka-a-polokosile-81/clashflex-14302012","2026-01-13T00:00:00","H:/Desaka\vsenastolnitenis\Full_13.01.2026\VseNaStolniTenisOutput.csv"
"VseNaStolniTenis","DONIC-Clip Pro černá","https://www.vsenastolnitenis.cz/cz/stoly/sitky-117/clip-pro-cerna-14812103","2026-01-13T00:00:00","H:/Desaka\vsenastolnitenis\Full_13.01.2026\VseNaStolniTenisOutput.csv"
"VseNaStolniTenis","DONIC-Clip Pro šedá","https://www.vsenastolnitenis.cz/cz/stoly/sitky-117/clip-pro-seda-14812102","2026-01-13T00:00:00","H:/Desaka\vsenastolnitenis\Full_13.01.2026\VseNaStolniTenisOutput.csv"
"VseNaStolniTenis","DONIC-Clix","https://www.vsenastolnitenis.cz/cz/akcni-nabidka/tricka-a-polokosile-81/clix-14312002","2026-01-13T00:00:00","H:/Desaka\vsenastolnitenis\Full_13.01.2026\VseNaStolniTenisOutput.csv"
"VseNaStolniTenis","DONIC-Coach P40+ (120 ks)","https://www.vsenastolnitenis.cz/cz/micky/treninkove-plastove-77/donic-coach-p40-120-ks-14701703","2026-01-13T00:00:00","H:/Desaka\vsenastolnitenis\Full_13.01.2026\VseNaStolniTenisOutput.csv"
"VseNaStolniTenis","DONIC-Coach P40+ ** (120 ks)","https://www.vsenastolnitenis.cz/cz/micky/treninkove-plastove-77/donic-coach-p40-120-ks-14701704","2026-01-13T00:00:00","H:/Desaka\vsenastolnitenis\Full_13.01.2026\VseNaStolniTenisOutput.csv"
"VseNaStolniTenis","DONIC-Comp","https://www.vsenastolnitenis.cz/cz/doplnky/pouzdra-120/comp-14512403-2","2026-01-13T00:00:00","H:/Desaka\vsenastolnitenis\Full_13.01.2026\VseNaStolniTenisOutput.csv"
"VseNaStolniTenis","DONIC-Compact 25","https://www.vsenastolnitenis.cz/cz/stoly/vnitrni-66/donic-compact-25-14801209","2026-01-13T00:00:00","H:/Desaka\vsenastolnitenis\Full_13.01.2026\VseNaStolniTenisOutput.csv"
"VseNaStolniTenis","DONIC-Contact Pro (90 ml)","https://www.vsenastolnitenis.cz/cz/doplnky/lepidla-vodou-reditelna-123/contact-pro-90-ml-14602402","2026-01-13T00:00:00","H:/Desaka\vsenastolnitenis\Full_13.01.2026\VseNaStolniTenisOutput.csv"
"VseNaStolniTenis","DONIC-Coppa","https://www.vsenastolnitenis.cz/cz/potahy/softy-utocne-26/donic-coppa-14001224","2026-01-13T00:00:00","H:/Desaka\vsenastolnitenis\Full_13.01.2026\VseNaStolniTenisOutput.csv"
"VseNaStolniTenis","DONIC-Coppa X1 Gold","https://www.vsenastolnitenis.cz/cz/potahy/softy-utocne-26/donic-coppa-x1-gold-14001209","2026-01-13T00:00:00","H:/Desaka\vsenastolnitenis\Full_13.01.2026\VseNaStolniTenisOutput.csv"
"VseNaStolniTenis","DONIC-Coppa X1 Turbo Platin","https://www.vsenastolnitenis.cz/cz/potahy/softy-utocne-26/coppa-x1-turbo-platin-14001208","2026-01-13T00:00:00","H:/Desaka\vsenastolnitenis\Full_13.01.2026\VseNaStolniTenisOutput.csv"
"VseNaStolniTenis","DONIC-Coppa X2 Platin Soft","https://www.vsenastolnitenis.cz/cz/potahy/softy-utocne-26/donic-coppa-x2-platin-soft-14001210","2026-01-13T00:00:00","H:/Desaka\vsenastolnitenis\Full_13.01.2026\VseNaStolniTenisOutput.csv"
"VseNaStolniTenis","DONIC-Coppa X3 Silver","https://www.vsenastolnitenis.cz/cz/potahy/softy-utocne-26/donic-coppa-x3-silver-14001211","2026-01-13T00:00:00","H:/Desaka\vsenastolnitenis\Full_13.01.2026\VseNaStolniTenisOutput.csv"
"VseNaStolniTenis","DONIC-Crest OFF","https://www.vsenastolnitenis.cz/cz/dreva/off-24/donic-crest-off-14101501","2026-01-13T00:00:00","H:/Desaka\vsenastolnitenis\Full_13.01.2026\VseNaStolniTenisOutput.csv"
"VseNaStolniTenis","DONIC-Čelenka","https://www.vsenastolnitenis.cz/cz/textil/celenky-50/donic-celenka-14391203","2026-01-13T00:00:00","H:/Desaka\vsenastolnitenis\Full_13.01.2026\VseNaStolniTenisOutput.csv"
"VseNaStolniTenis","DONIC-Defplay Senso","https://www.vsenastolnitenis.cz/cz/dreva/def-19/donic-defplay-senso-14101257","2026-01-13T00:00:00","H:/Desaka\vsenastolnitenis\Full_13.01.2026\VseNaStolniTenisOutput.csv"
"VseNaStolniTenis","DONIC-Delhi 25","https://www.vsenastolnitenis.cz/cz/stoly/vnitrni-66/donic-delhi-25-14801202","2026-01-13T00:00:00","H:/Desaka\vsenastolnitenis\Full_13.01.2026\VseNaStolniTenisOutput.csv"
"VseNaStolniTenis","DONIC-Delhi SLC","https://www.vsenastolnitenis.cz/cz/stoly/vnitrni-66/donic-delhi-slc-14801203","2026-01-13T00:00:00","H:/Desaka\vsenastolnitenis\Full_13.01.2026\VseNaStolniTenisOutput.csv"
"VseNaStolniTenis","DONIC-Draftflex","https://www.vsenastolnitenis.cz/cz/akcni-nabidka/textil-81/draftflex-14301715","2026-01-13T00:00:00","H:/Desaka\vsenastolnitenis\Full_13.01.2026\VseNaStolniTenisOutput.csv"
"VseNaStolniTenis","DONIC-Dragon","https://www.vsenastolnitenis.cz/cz/textil/tricka-39/dragon-14312011","2026-01-13T00:00:00","H:/Desaka\vsenastolnitenis\Full_13.01.2026\VseNaStolniTenisOutput.csv"
"VseNaStolniTenis","DONIC-Drop","https://www.vsenastolnitenis.cz/cz/textil/tricka-39/drop-14312402","2026-01-13T00:00:00","H:/Desaka\vsenastolnitenis\Full_13.01.2026\VseNaStolniTenisOutput.csv"
"VseNaStolniTenis","DONIC-Duplex","https://www.vsenastolnitenis.cz/cz/doplnky/pouzdra-120/duplex-14512101","2026-01-13T00:00:00","H:/Desaka\vsenastolnitenis\Full_13.01.2026\VseNaStolniTenisOutput.csv"
"VseNaStolniTenis","DONIC-DVD Techniky, Taktiky, Triky II.","https://www.vsenastolnitenis.cz/cz/doplnky/dvd-a-knihy-356/dvd-techniky-taktiky-triky-ii-14901202","2026-01-13T00:00:00","H:/Desaka\vsenastolnitenis\Full_13.01.2026\VseNaStolniTenisOutput.csv"
"VseNaStolniTenis","DONIC-DVD Waldner to nejlepší (2 DVD)","https://www.vsenastolnitenis.cz/cz/doplnky/dvd-a-knihy-356/dvd-waldner-to-nejlepsi-2-dvd-14901201","2026-01-13T00:00:00","H:/Desaka\vsenastolnitenis\Full_13.01.2026\VseNaStolniTenisOutput.csv"
"VseNaStolniTenis","DONIC-Effect","https://www.vsenastolnitenis.cz/cz/textil/polokosile-38/effect-14302307","2026-01-13T00:00:00","H:/Desaka\vsenastolnitenis\Full_13.01.2026\VseNaStolniTenisOutput.csv"
"VseNaStolniTenis","DONIC-Epox Control","https://www.vsenastolnitenis.cz/cz/dreva/all-21/donic-epox-control-14101214","2026-01-13T00:00:00","H:/Desaka\vsenastolnitenis\Full_13.01.2026\VseNaStolniTenisOutput.csv"
"VseNaStolniTenis","DONIC-Epox Power AR","https://www.vsenastolnitenis.cz/cz/dreva/off-23/donic-epox-power-ar-14101213","2026-01-13T00:00:00","H:/Desaka\vsenastolnitenis\Full_13.01.2026\VseNaStolniTenisOutput.csv"
"VseNaStolniTenis","DONIC-Esprit","https://www.vsenastolnitenis.cz/cz/dreva/off-24/donic-baum-esprit-14101246","2026-01-13T00:00:00","H:/Desaka\vsenastolnitenis\Full_13.01.2026\VseNaStolniTenisOutput.csv"
"VseNaStolniTenis","DONIC-Etna","https://www.vsenastolnitenis.cz/cz/textil/ponozky-54/donic-etna-14451607","2026-01-13T00:00:00","H:/Desaka\vsenastolnitenis\Full_13.01.2026\VseNaStolniTenisOutput.csv"
"VseNaStolniTenis","DONIC-Fade","https://www.vsenastolnitenis.cz/cz/textil/tricka-39/donic-fade-14312003","2026-01-13T00:00:00","H:/Desaka\vsenastolnitenis\Full_13.01.2026\VseNaStolniTenisOutput.csv"
"VseNaStolniTenis","DONIC-Faze","https://www.vsenastolnitenis.cz/cz/doplnky/pouzdra-120/faze-14512501","2026-01-13T00:00:00","H:/Desaka\vsenastolnitenis\Full_13.01.2026\VseNaStolniTenisOutput.csv"
"VseNaStolniTenis","DONIC-Finish","https://www.vsenastolnitenis.cz/cz/akcni-nabidka/sortky-139/finish-14321903","2026-01-13T00:00:00","H:/Desaka\vsenastolnitenis\Full_13.01.2026\VseNaStolniTenisOutput.csv"
"VseNaStolniTenis","DONIC-Fire","https://www.vsenastolnitenis.cz/cz/textil/polokosile-38/fire-14302501","2026-01-13T00:00:00","H:/Desaka\vsenastolnitenis\Full_13.01.2026\VseNaStolniTenisOutput.csv"
"VseNaStolniTenis","DONIC-Fire Lady","https://www.vsenastolnitenis.cz/cz/textil/tricka-39/fire-lady-14312511","2026-01-13T00:00:00","H:/Desaka\vsenastolnitenis\Full_13.01.2026\VseNaStolniTenisOutput.csv"
"VseNaStolniTenis","DONIC-Flame","https://www.vsenastolnitenis.cz/cz/textil/polokosile-38/flame-14302403","2026-01-13T00:00:00","H:/Desaka\vsenastolnitenis\Full_13.01.2026\VseNaStolniTenisOutput.csv"
"VseNaStolniTenis","DONIC-Flame Lady","https://www.vsenastolnitenis.cz/cz/textil/tricka-39/flame-lady-14312409","2026-01-13T00:00:00","H:/Desaka\vsenastolnitenis\Full_13.01.2026\VseNaStolniTenisOutput.csv"
"VseNaStolniTenis","DONIC-Flex","https://www.vsenastolnitenis.cz/cz/stoly/sitky-117/flex-14812101","2026-01-13T00:00:00","H:/Desaka\vsenastolnitenis\Full_13.01.2026\VseNaStolniTenisOutput.csv"
"VseNaStolniTenis","DONIC-Flow","https://www.vsenastolnitenis.cz/cz/textil/polokosile-38/flow-14302205","2026-01-13T00:00:00","H:/Desaka\vsenastolnitenis\Full_13.01.2026\VseNaStolniTenisOutput.csv"
"VseNaStolniTenis","DONIC-Flow Lady","https://www.vsenastolnitenis.cz/cz/textil/tricka-39/flow-lady-14312207","2026-01-13T00:00:00","H:/Desaka\vsenastolnitenis\Full_13.01.2026\VseNaStolniTenisOutput.csv"
"VseNaStolniTenis","DONIC-Force","https://www.vsenastolnitenis.cz/cz/akcni-nabidka/tricka-a-polokosile-81/force-14302004","2026-01-13T00:00:00","H:/Desaka\vsenastolnitenis\Full_13.01.2026\VseNaStolniTenisOutput.csv"
"VseNaStolniTenis","DONIC-Formula ochranná folie (2ks)","https://www.vsenastolnitenis.cz/cz/doplnky/ochranne-folie-127/donic-formula-ochranna-folie-2ks-14621202","2026-01-13T00:00:00","H:/Desaka\vsenastolnitenis\Full_13.01.2026\VseNaStolniTenisOutput.csv"
"VseNaStolniTenis","DONIC-Furious","https://www.vsenastolnitenis.cz/cz/textil/tricka-39/furious-14312504","2026-01-13T00:00:00","H:/Desaka\vsenastolnitenis\Full_13.01.2026\VseNaStolniTenisOutput.csv"
"VseNaStolniTenis","DONIC-Galaxy Outdoor","https://www.vsenastolnitenis.cz/cz/stoly/venkovni-67/galaxy-outdoor-14802301","2026-01-13T00:00:00","H:/Desaka\vsenastolnitenis\Full_13.01.2026\VseNaStolniTenisOutput.csv"
"VseNaStolniTenis","DONIC-Gamble","https://www.vsenastolnitenis.cz/cz/doplnky/tasky-118/gamble-14502301","2026-01-13T00:00:00","H:/Desaka\vsenastolnitenis\Full_13.01.2026\VseNaStolniTenisOutput.csv"
"VseNaStolniTenis","DONIC-Ginger","https://www.vsenastolnitenis.cz/cz/doplnky/pouzdra-120/ginger-14512406","2026-01-13T00:00:00","H:/Desaka\vsenastolnitenis\Full_13.01.2026\VseNaStolniTenisOutput.csv"
"VseNaStolniTenis","DONIC-Hardcase","https://www.vsenastolnitenis.cz/cz/doplnky/pouzdra-120/donic-hardcase-14512003","2026-01-13T00:00:00","H:/Desaka\vsenastolnitenis\Full_13.01.2026\VseNaStolniTenisOutput.csv"
"VseNaStolniTenis","DONIC-Helium","https://www.vsenastolnitenis.cz/cz/doplnky/tasky-118/helium-14502303","2026-01-13T00:00:00","H:/Desaka\vsenastolnitenis\Full_13.01.2026\VseNaStolniTenisOutput.csv"
"VseNaStolniTenis","DONIC-Impuls Dotec ALL+","https://www.vsenastolnitenis.cz/cz/dreva/all-22/donic-impuls-dotec-all-14101904","2026-01-13T00:00:00","H:/Desaka\vsenastolnitenis\Full_13.01.2026\VseNaStolniTenisOutput.csv"
"VseNaStolniTenis","DONIC-Irion","https://www.vsenastolnitenis.cz/cz/textil/sukne-41/donic-iron-14332002","2026-01-13T00:00:00","H:/Desaka\vsenastolnitenis\Full_13.01.2026\VseNaStolniTenisOutput.csv"
"VseNaStolniTenis","DONIC-J.O. Waldner Gold Edition","https://www.vsenastolnitenis.cz/cz/dreva/off-24/j-o-waldner-gold-edition-14102302","2026-01-13T00:00:00","H:/Desaka\vsenastolnitenis\Full_13.01.2026\VseNaStolniTenisOutput.csv"
"VseNaStolniTenis","DONIC-Koš na míčky","https://www.vsenastolnitenis.cz/cz/vybaveni-pro-kluby/ostatni-73/donic-kos-na-micky-14821202","2026-01-13T00:00:00","H:/Desaka\vsenastolnitenis\Full_13.01.2026\VseNaStolniTenisOutput.csv"
"VseNaStolniTenis","DONIC-Kšiltovka","https://www.vsenastolnitenis.cz/cz/textil/cepice-51/donic-ksiltovka-14391201","2026-01-13T00:00:00","H:/Desaka\vsenastolnitenis\Full_13.01.2026\VseNaStolniTenisOutput.csv"
"VseNaStolniTenis","DONIC-Kufřík Aluminium","https://www.vsenastolnitenis.cz/cz/doplnky/pouzdra-120/donic-kufrik-aluminium-14511206","2026-01-13T00:00:00","H:/Desaka\vsenastolnitenis\Full_13.01.2026\VseNaStolniTenisOutput.csv"
"VseNaStolniTenis","DONIC-Kufřík Double Alu","https://www.vsenastolnitenis.cz/cz/doplnky/pouzdra-120/kufrik-double-alu-14512407","2026-01-13T00:00:00","H:/Desaka\vsenastolnitenis\Full_13.01.2026\VseNaStolniTenisOutput.csv"
"VseNaStolniTenis","DONIC-Legends","https://www.vsenastolnitenis.cz/cz/doplnky/pouzdra-120/donic-ovtcharov-14511701","2026-01-13T00:00:00","H:/Desaka\vsenastolnitenis\Full_13.01.2026\VseNaStolniTenisOutput.csv"
"VseNaStolniTenis","DONIC-Legends Plus","https://www.vsenastolnitenis.cz/cz/doplnky/pouzdra-120/donic-ovtcharov-plus-14511702","2026-01-13T00:00:00","H:/Desaka\vsenastolnitenis\Full_13.01.2026\VseNaStolniTenisOutput.csv"
"VseNaStolniTenis","DONIC-Lepící folie","https://www.vsenastolnitenis.cz/cz/doplnky/lepidla-vodou-reditelna-123/donic-lepici-folie-14621201","2026-01-13T00:00:00","H:/Desaka\vsenastolnitenis\Full_13.01.2026\VseNaStolniTenisOutput.csv"
"VseNaStolniTenis","DONIC-Libra","https://www.vsenastolnitenis.cz/cz/textil/polokosile-38/libra-14302101","2026-01-13T00:00:00","H:/Desaka\vsenastolnitenis\Full_13.01.2026\VseNaStolniTenisOutput.csv"
"VseNaStolniTenis","DONIC-Libra Lady","https://www.vsenastolnitenis.cz/cz/textil/polokosile-38/libra-lady-14302106","2026-01-13T00:00:00","H:/Desaka\vsenastolnitenis\Full_13.01.2026\VseNaStolniTenisOutput.csv"
"VseNaStolniTenis","DONIC-Liga","https://www.vsenastolnitenis.cz/cz/potahy/softy-univerzalni-27/donic-liga-14001237","2026-01-13T00:00:00","H:/Desaka\vsenastolnitenis\Full_13.01.2026\VseNaStolniTenisOutput.csv"
"VseNaStolniTenis","DONIC-Liga Plus","https://www.vsenastolnitenis.cz/cz/potahy/softy-univerzalni-27/donic-liga-plus-14001235","2026-01-13T00:00:00","H:/Desaka\vsenastolnitenis\Full_13.01.2026\VseNaStolniTenisOutput.csv"
"VseNaStolniTenis","DONIC-Limit","https://www.vsenastolnitenis.cz/cz/akcni-nabidka/sortky-139/limit-14321901","2026-01-13T00:00:00","H:/Desaka\vsenastolnitenis\Full_13.01.2026\VseNaStolniTenisOutput.csv"
"VseNaStolniTenis","DONIC-Lion","https://www.vsenastolnitenis.cz/cz/textil/tricka-39/donic-lion-14311607","2026-01-13T00:00:00","H:/Desaka\vsenastolnitenis\Full_13.01.2026\VseNaStolniTenisOutput.csv"
"VseNaStolniTenis","DONIC-Loop","https://www.vsenastolnitenis.cz/cz/akcni-nabidka/sortky-139/loop-14322002","2026-01-13T00:00:00","H:/Desaka\vsenastolnitenis\Full_13.01.2026\VseNaStolniTenisOutput.csv"
"VseNaStolniTenis","DONIC-Lux","https://www.vsenastolnitenis.cz/cz/doplnky/pouzdra-120/lux-14512304","2026-01-13T00:00:00","H:/Desaka\vsenastolnitenis\Full_13.01.2026\VseNaStolniTenisOutput.csv"
"VseNaStolniTenis","DONIC-Makroflex","https://www.vsenastolnitenis.cz/cz/akcni-nabidka/tricka-a-polokosile-81/makroflex-14301616","2026-01-13T00:00:00","H:/Desaka\vsenastolnitenis\Full_13.01.2026\VseNaStolniTenisOutput.csv"
"VseNaStolniTenis","DONIC-Manic","https://www.vsenastolnitenis.cz/cz/textil/polokosile-38/manic-14302408","2026-01-13T00:00:00","H:/Desaka\vsenastolnitenis\Full_13.01.2026\VseNaStolniTenisOutput.csv"
"VseNaStolniTenis","DONIC-Mirage","https://www.vsenastolnitenis.cz/cz/textil/tricka-39/donic-mirage-14312006","2026-01-13T00:00:00","H:/Desaka\vsenastolnitenis\Full_13.01.2026\VseNaStolniTenisOutput.csv"
"VseNaStolniTenis","DONIC-Nitro","https://www.vsenastolnitenis.cz/cz/textil/polokosile-38/nitro-14302407","2026-01-13T00:00:00","H:/Desaka\vsenastolnitenis\Full_13.01.2026\VseNaStolniTenisOutput.csv"
"VseNaStolniTenis","DONIC-Nitro Lady","https://www.vsenastolnitenis.cz/cz/textil/tricka-39/nitro-lady-14312411","2026-01-13T00:00:00","H:/Desaka\vsenastolnitenis\Full_13.01.2026\VseNaStolniTenisOutput.csv"
"VseNaStolniTenis","DONIC-Nitroflex","https://www.vsenastolnitenis.cz/cz/textil/polokosile-38/nitroflex-14302410","2026-01-13T00:00:00","H:/Desaka\vsenastolnitenis\Full_13.01.2026\VseNaStolniTenisOutput.csv"
"VseNaStolniTenis","DONIC-Nova","https://www.vsenastolnitenis.cz/cz/textil/tricka-39/nova-14312404","2026-01-13T00:00:00","H:/Desaka\vsenastolnitenis\Full_13.01.2026\VseNaStolniTenisOutput.csv"
"VseNaStolniTenis","DONIC-Ohrádka","https://www.vsenastolnitenis.cz/cz/vybaveni-pro-kluby/ohradky-70/donic-ohradka-14821211","2026-01-13T00:00:00","H:/Desaka\vsenastolnitenis\Full_13.01.2026\VseNaStolniTenisOutput.csv"
"VseNaStolniTenis","DONIC-Opticon","https://www.vsenastolnitenis.cz/cz/dreva/pro-sberatele-353/opticon-14101106","2026-01-13T00:00:00","H:/Desaka\vsenastolnitenis\Full_13.01.2026\VseNaStolniTenisOutput.csv"
"VseNaStolniTenis","DONIC-Original Carbospeed","https://www.vsenastolnitenis.cz/cz/dreva/off-25/donic-ovtcharov-carbospeed-14101241","2026-01-13T00:00:00","H:/Desaka\vsenastolnitenis\Full_13.01.2026\VseNaStolniTenisOutput.csv"
"VseNaStolniTenis","DONIC-Original Dotec ALL","https://www.vsenastolnitenis.cz/cz/dreva/all-21/original-dotec-all-14102003","2026-01-13T00:00:00","H:/Desaka\vsenastolnitenis\Full_13.01.2026\VseNaStolniTenisOutput.csv"
"VseNaStolniTenis","DONIC-Original Dotec ALL+","https://www.vsenastolnitenis.cz/cz/dreva/all-22/original-dotec-all-14102004","2026-01-13T00:00:00","H:/Desaka\vsenastolnitenis\Full_13.01.2026\VseNaStolniTenisOutput.csv"
"VseNaStolniTenis","DONIC-Original Dotec OFF","https://www.vsenastolnitenis.cz/cz/dreva/off-24/original-dotec-off-14102005","2026-01-13T00:00:00","H:/Desaka\vsenastolnitenis\Full_13.01.2026\VseNaStolniTenisOutput.csv"
"VseNaStolniTenis","DONIC-Original No. 1","https://www.vsenastolnitenis.cz/cz/dreva/off-24/original-no-1-14102007","2026-01-13T00:00:00","H:/Desaka\vsenastolnitenis\Full_13.01.2026\VseNaStolniTenisOutput.csv"
"VseNaStolniTenis","DONIC-Original No. 1 Senso","https://www.vsenastolnitenis.cz/cz/dreva/off-24/original-no-1-senso-14102006","2026-01-13T00:00:00","H:/Desaka\vsenastolnitenis\Full_13.01.2026\VseNaStolniTenisOutput.csv"
"VseNaStolniTenis","DONIC-Original Senso V1","https://www.vsenastolnitenis.cz/cz/dreva/off-24/original-senso-v1-14102406","2026-01-13T00:00:00","H:/Desaka\vsenastolnitenis\Full_13.01.2026\VseNaStolniTenisOutput.csv"
"VseNaStolniTenis","DONIC-Original Senso V2","https://www.vsenastolnitenis.cz/cz/dreva/off-24/donic-ovtcharov-senso-v2-14101301","2026-01-13T00:00:00","H:/Desaka\vsenastolnitenis\Full_13.01.2026\VseNaStolniTenisOutput.csv"
"VseNaStolniTenis","DONIC-Ovtcharov No. 1","https://www.vsenastolnitenis.cz/cz/dreva/pro-sberatele-353/ovtcharov-no-1-14101805","2026-01-13T00:00:00","H:/Desaka\vsenastolnitenis\Full_13.01.2026\VseNaStolniTenisOutput.csv"
"VseNaStolniTenis","DONIC-P40+ *** (120 ks)","https://www.vsenastolnitenis.cz/cz/micky/zavodni-plastove-76/donic-p40-120-ks-14701702","2026-01-13T00:00:00","H:/Desaka\vsenastolnitenis\Full_13.01.2026\VseNaStolniTenisOutput.csv"
"VseNaStolniTenis","DONIC-Páska 9 mm/1 pálka","https://www.vsenastolnitenis.cz/cz/doplnky/pasky-na-palky-128/donic-paska-9-mm-1-palka-14621213","2026-01-13T00:00:00","H:/Desaka\vsenastolnitenis\Full_13.01.2026\VseNaStolniTenisOutput.csv"
"VseNaStolniTenis","DONIC-Pax","https://www.vsenastolnitenis.cz/cz/doplnky/pouzdra-120/pax-14512506","2026-01-13T00:00:00","H:/Desaka\vsenastolnitenis\Full_13.01.2026\VseNaStolniTenisOutput.csv"
"VseNaStolniTenis","DONIC-Peak","https://www.vsenastolnitenis.cz/cz/textil/tricka-39/peak-14312306","2026-01-13T00:00:00","H:/Desaka\vsenastolnitenis\Full_13.01.2026\VseNaStolniTenisOutput.csv"
"VseNaStolniTenis","DONIC-Persson","https://www.vsenastolnitenis.cz/cz/doplnky/pouzdra-120/donic-persson-14511207","2026-01-13T00:00:00","H:/Desaka\vsenastolnitenis\Full_13.01.2026\VseNaStolniTenisOutput.csv"
"VseNaStolniTenis","DONIC-Persson 40 Jubilee","https://www.vsenastolnitenis.cz/cz/dreva/off-24/persson-40-jubilee-14102405","2026-01-13T00:00:00","H:/Desaka\vsenastolnitenis\Full_13.01.2026\VseNaStolniTenisOutput.csv"
"VseNaStolniTenis","DONIC-Persson Dotec OFF","https://www.vsenastolnitenis.cz/cz/dreva/off-24/donic-persson-dotec-off-14101215","2026-01-13T00:00:00","H:/Desaka\vsenastolnitenis\Full_13.01.2026\VseNaStolniTenisOutput.csv"
"VseNaStolniTenis","DONIC-Persson Exclusive OFF","https://www.vsenastolnitenis.cz/cz/dreva/off-24/donic-persson-exclusive-off-14101252","2026-01-13T00:00:00","H:/Desaka\vsenastolnitenis\Full_13.01.2026\VseNaStolniTenisOutput.csv"
"VseNaStolniTenis","DONIC-Persson OFF+ World Champion 89","https://www.vsenastolnitenis.cz/cz/dreva/off-25/donic-persson-off-world-champion-89-14101401","2026-01-13T00:00:00","H:/Desaka\vsenastolnitenis\Full_13.01.2026\VseNaStolniTenisOutput.csv"
"VseNaStolniTenis","DONIC-Persson Power AR Senso V2","https://www.vsenastolnitenis.cz/cz/dreva/all-22/donic-persson-power-ar-senso-v2-14101239","2026-01-13T00:00:00","H:/Desaka\vsenastolnitenis\Full_13.01.2026\VseNaStolniTenisOutput.csv"
"VseNaStolniTenis","DONIC-Persson Powerplay","https://www.vsenastolnitenis.cz/cz/dreva/off-24/donic-persson-powerplay-14101235","2026-01-13T00:00:00","H:/Desaka\vsenastolnitenis\Full_13.01.2026\VseNaStolniTenisOutput.csv"
"VseNaStolniTenis","DONIC-Persson Powerplay Senso V1","https://www.vsenastolnitenis.cz/cz/dreva/off-24/donic-persson-powerplay-senso-v1-14101234","2026-01-13T00:00:00","H:/Desaka\vsenastolnitenis\Full_13.01.2026\VseNaStolniTenisOutput.csv"
"VseNaStolniTenis","DONIC-Persson Powerplay Senso V2","https://www.vsenastolnitenis.cz/cz/dreva/off-23/donic-persson-powerplay-senso-v2-14101236","2026-01-13T00:00:00","H:/Desaka\vsenastolnitenis\Full_13.01.2026\VseNaStolniTenisOutput.csv"
"VseNaStolniTenis","DONIC-Persson Seven","https://www.vsenastolnitenis.cz/cz/dreva/off-23/persson-seven-14101233","2026-01-13T00:00:00","H:/Desaka\vsenastolnitenis\Full_13.01.2026\VseNaStolniTenisOutput.csv"
"VseNaStolniTenis","DONIC-Persson Youngstar","https://www.vsenastolnitenis.cz/cz/dreva/all-21/donic-persson-youngstar-14101240","2026-01-13T00:00:00","H:/Desaka\vsenastolnitenis\Full_13.01.2026\VseNaStolniTenisOutput.csv"
"VseNaStolniTenis","DONIC-Piranja CD","https://www.vsenastolnitenis.cz/cz/potahy/travy-30/piranja-cd-14002305","2026-01-13T00:00:00","H:/Desaka\vsenastolnitenis\Full_13.01.2026\VseNaStolniTenisOutput.csv"
"VseNaStolniTenis","DONIC-Piranja FD Tec","https://www.vsenastolnitenis.cz/cz/potahy/travy-30/donic-piranja-fd-tec-14001240","2026-01-13T00:00:00","H:/Desaka\vsenastolnitenis\Full_13.01.2026\VseNaStolniTenisOutput.csv"
"VseNaStolniTenis","DONIC-Plachta","https://www.vsenastolnitenis.cz/cz/vybaveni-pro-kluby/ohradky-70/donic-plachta-14821209","2026-01-13T00:00:00","H:/Desaka\vsenastolnitenis\Full_13.01.2026\VseNaStolniTenisOutput.csv"
"VseNaStolniTenis","DONIC-Pojízdný koš na míčky Coachy","https://www.vsenastolnitenis.cz/cz/vybaveni-pro-kluby/ostatni-73/pojizdny-kos-na-micky-coachy-14822303","2026-01-13T00:00:00","H:/Desaka\vsenastolnitenis\Full_13.01.2026\VseNaStolniTenisOutput.csv"
"VseNaStolniTenis","DONIC-Pop","https://www.vsenastolnitenis.cz/cz/doplnky/pouzdra-120/pop-14512302","2026-01-13T00:00:00","H:/Desaka\vsenastolnitenis\Full_13.01.2026\VseNaStolniTenisOutput.csv"
"VseNaStolniTenis","DONIC-Potítko","https://www.vsenastolnitenis.cz/cz/textil/potitka-49/14391204","2026-01-13T00:00:00","H:/Desaka\vsenastolnitenis\Full_13.01.2026\VseNaStolniTenisOutput.csv"
"VseNaStolniTenis","DONIC-Prime","https://www.vsenastolnitenis.cz/cz/akcni-nabidka/textil-81/prime-14301909","2026-01-13T00:00:00","H:/Desaka\vsenastolnitenis\Full_13.01.2026\VseNaStolniTenisOutput.csv"
"VseNaStolniTenis","DONIC-Primeflex","https://www.vsenastolnitenis.cz/cz/akcni-nabidka/textil-81/primeflex-14301910","2026-01-13T00:00:00","H:/Desaka\vsenastolnitenis\Full_13.01.2026\VseNaStolniTenisOutput.csv"
"VseNaStolniTenis","DONIC-Promo","https://www.vsenastolnitenis.cz/cz/textil/tricka-39/promo-14312010","2026-01-13T00:00:00","H:/Desaka\vsenastolnitenis\Full_13.01.2026\VseNaStolniTenisOutput.csv"
"VseNaStolniTenis","DONIC-Pulse","https://www.vsenastolnitenis.cz/cz/akcni-nabidka/sortky-139/pulse-14321701","2026-01-13T00:00:00","H:/Desaka\vsenastolnitenis\Full_13.01.2026\VseNaStolniTenisOutput.csv"
"VseNaStolniTenis","DONIC-Pure","https://www.vsenastolnitenis.cz/cz/textil/sortky-40/pure-14322502","2026-01-13T00:00:00","H:/Desaka\vsenastolnitenis\Full_13.01.2026\VseNaStolniTenisOutput.csv"
"VseNaStolniTenis","DONIC-Push","https://www.vsenastolnitenis.cz/cz/textil/polokosile-38/push-14302202","2026-01-13T00:00:00","H:/Desaka\vsenastolnitenis\Full_13.01.2026\VseNaStolniTenisOutput.csv"
"VseNaStolniTenis","DONIC-Quattro","https://www.vsenastolnitenis.cz/cz/potahy/softy-univerzalni-27/quattro-14001231","2026-01-13T00:00:00","H:/Desaka\vsenastolnitenis\Full_13.01.2026\VseNaStolniTenisOutput.csv"
"VseNaStolniTenis","DONIC-Quattro Aconda medium","https://www.vsenastolnitenis.cz/cz/potahy/softy-univerzalni-27/donic-quattro-aconda-medium-14001232","2026-01-13T00:00:00","H:/Desaka\vsenastolnitenis\Full_13.01.2026\VseNaStolniTenisOutput.csv"
"VseNaStolniTenis","DONIC-Quattro Aconda soft","https://www.vsenastolnitenis.cz/cz/potahy/softy-univerzalni-27/donic-quattro-aconda-soft-14001233","2026-01-13T00:00:00","H:/Desaka\vsenastolnitenis\Full_13.01.2026\VseNaStolniTenisOutput.csv"
"VseNaStolniTenis","DONIC-Race","https://www.vsenastolnitenis.cz/cz/akcni-nabidka/textil-81/race-14301704","2026-01-13T00:00:00","H:/Desaka\vsenastolnitenis\Full_13.01.2026\VseNaStolniTenisOutput.csv"
"VseNaStolniTenis","DONIC-Raceflex","https://www.vsenastolnitenis.cz/cz/akcni-nabidka/textil-81/raceflex-14301707","2026-01-13T00:00:00","H:/Desaka\vsenastolnitenis\Full_13.01.2026\VseNaStolniTenisOutput.csv"
"VseNaStolniTenis","DONIC-Rafter","https://www.vsenastolnitenis.cz/cz/textil/polokosile-38/rafter-14302301","2026-01-13T00:00:00","H:/Desaka\vsenastolnitenis\Full_13.01.2026\VseNaStolniTenisOutput.csv"
"VseNaStolniTenis","DONIC-Rafter Lady","https://www.vsenastolnitenis.cz/cz/textil/tricka-39/rafter-lady-14312308","2026-01-13T00:00:00","H:/Desaka\vsenastolnitenis\Full_13.01.2026\VseNaStolniTenisOutput.csv"
"VseNaStolniTenis","DONIC-Ramp","https://www.vsenastolnitenis.cz/cz/doplnky/batohy-119/ramp-14502505","2026-01-13T00:00:00","H:/Desaka\vsenastolnitenis\Full_13.01.2026\VseNaStolniTenisOutput.csv"
"VseNaStolniTenis","DONIC-React","https://www.vsenastolnitenis.cz/cz/textil/sortky-40/react-14322302","2026-01-13T00:00:00","H:/Desaka\vsenastolnitenis\Full_13.01.2026\VseNaStolniTenisOutput.csv"
"VseNaStolniTenis","DONIC-Relevant","https://www.vsenastolnitenis.cz/cz/dreva/off-24/relevant-14102001","2026-01-13T00:00:00","H:/Desaka\vsenastolnitenis\Full_13.01.2026\VseNaStolniTenisOutput.csv"
"VseNaStolniTenis","DONIC-Revox","https://www.vsenastolnitenis.cz/cz/doplnky/tasky-118/revox-14502402","2026-01-13T00:00:00","H:/Desaka\vsenastolnitenis\Full_13.01.2026\VseNaStolniTenisOutput.csv"
"VseNaStolniTenis","DONIC-Rhythm","https://www.vsenastolnitenis.cz/cz/textil/polokosile-38/rhythm-14302505","2026-01-13T00:00:00","H:/Desaka\vsenastolnitenis\Full_13.01.2026\VseNaStolniTenisOutput.csv"
"VseNaStolniTenis","DONIC-Riva","https://www.vsenastolnitenis.cz/cz/akcni-nabidka/textil-81/riva-14301802","2026-01-13T00:00:00","H:/Desaka\vsenastolnitenis\Full_13.01.2026\VseNaStolniTenisOutput.csv"
"VseNaStolniTenis","DONIC-Riva Lady","https://www.vsenastolnitenis.cz/cz/akcni-nabidka/textil-81/riva-lady-14301804","2026-01-13T00:00:00","H:/Desaka\vsenastolnitenis\Full_13.01.2026\VseNaStolniTenisOutput.csv"
"VseNaStolniTenis","DONIC-Rivoli","https://www.vsenastolnitenis.cz/cz/textil/ponozky-54/donic-rivoli-14451402","2026-01-13T00:00:00","H:/Desaka\vsenastolnitenis\Full_13.01.2026\VseNaStolniTenisOutput.csv"
"VseNaStolniTenis","DONIC-Rooster","https://www.vsenastolnitenis.cz/cz/doplnky/pouzdra-120/rooster-14512401","2026-01-13T00:00:00","H:/Desaka\vsenastolnitenis\Full_13.01.2026\VseNaStolniTenisOutput.csv"
"VseNaStolniTenis","DONIC-Sběrač míčků","https://www.vsenastolnitenis.cz/cz/vybaveni-pro-kluby/ostatni-73/donic-sberac-micku-14821201","2026-01-13T00:00:00","H:/Desaka\vsenastolnitenis\Full_13.01.2026\VseNaStolniTenisOutput.csv"
"VseNaStolniTenis","DONIC-Sběrač na míčky (síť)","https://www.vsenastolnitenis.cz/cz/vybaveni-pro-kluby/ostatni-73/sberac-na-micky-sit-14822302","2026-01-13T00:00:00","H:/Desaka\vsenastolnitenis\Full_13.01.2026\VseNaStolniTenisOutput.csv"
"VseNaStolniTenis","DONIC-Scan","https://www.vsenastolnitenis.cz/cz/textil/rucniky-48/scan-14392502","2026-01-13T00:00:00","H:/Desaka\vsenastolnitenis\Full_13.01.2026\VseNaStolniTenisOutput.csv"
"VseNaStolniTenis","DONIC-Scorpion","https://www.vsenastolnitenis.cz/cz/textil/tricka-39/scorpion-14312509","2026-01-13T00:00:00","H:/Desaka\vsenastolnitenis\Full_13.01.2026\VseNaStolniTenisOutput.csv"
"VseNaStolniTenis","DONIC-Sector","https://www.vsenastolnitenis.cz/cz/textil/tricka-39/sector-14312408","2026-01-13T00:00:00","H:/Desaka\vsenastolnitenis\Full_13.01.2026\VseNaStolniTenisOutput.csv"
"VseNaStolniTenis","DONIC-Siena","https://www.vsenastolnitenis.cz/cz/textil/ponozky-54/siena-14452303","2026-01-13T00:00:00","H:/Desaka\vsenastolnitenis\Full_13.01.2026\VseNaStolniTenisOutput.csv"
"VseNaStolniTenis","DONIC-Simplex","https://www.vsenastolnitenis.cz/cz/doplnky/pouzdra-120/simplex-14512202","2026-01-13T00:00:00","H:/Desaka\vsenastolnitenis\Full_13.01.2026\VseNaStolniTenisOutput.csv"
"VseNaStolniTenis","DONIC-Síťovina","https://www.vsenastolnitenis.cz/cz/stoly/sitoviny-a-merky-138/donic-sitovina-14811204","2026-01-13T00:00:00","H:/Desaka\vsenastolnitenis\Full_13.01.2026\VseNaStolniTenisOutput.csv"
"VseNaStolniTenis","DONIC-Slate","https://www.vsenastolnitenis.cz/cz/textil/tricka-39/slate-14312406","2026-01-13T00:00:00","H:/Desaka\vsenastolnitenis\Full_13.01.2026\VseNaStolniTenisOutput.csv"
"VseNaStolniTenis","DONIC-Slice 40 CD","https://www.vsenastolnitenis.cz/cz/potahy/softy-obranne-28/slice-40-cd-14001604","2026-01-13T00:00:00","H:/Desaka\vsenastolnitenis\Full_13.01.2026\VseNaStolniTenisOutput.csv"
"VseNaStolniTenis","DONIC-Slice 40 CS","https://www.vsenastolnitenis.cz/cz/potahy/softy-obranne-28/slice-40-cs-14002303","2026-01-13T00:00:00","H:/Desaka\vsenastolnitenis\Full_13.01.2026\VseNaStolniTenisOutput.csv"
"VseNaStolniTenis","DONIC-Sonex JP Gold","https://www.vsenastolnitenis.cz/cz/potahy/softy-utocne-26/donic-sonex-jp-gold-14001219","2026-01-13T00:00:00","H:/Desaka\vsenastolnitenis\Full_13.01.2026\VseNaStolniTenisOutput.csv"
"VseNaStolniTenis","DONIC-Spider","https://www.vsenastolnitenis.cz/cz/textil/polokosile-38/spider-14302509","2026-01-13T00:00:00","H:/Desaka\vsenastolnitenis\Full_13.01.2026\VseNaStolniTenisOutput.csv"
"VseNaStolniTenis","DONIC-Spider Lady","https://www.vsenastolnitenis.cz/cz/textil/tricka-39/spider-lady-14312510","2026-01-13T00:00:00","H:/Desaka\vsenastolnitenis\Full_13.01.2026\VseNaStolniTenisOutput.csv"
"VseNaStolniTenis","DONIC-Splash","https://www.vsenastolnitenis.cz/cz/textil/polokosile-38/splash-14302104","2026-01-13T00:00:00","H:/Desaka\vsenastolnitenis\Full_13.01.2026\VseNaStolniTenisOutput.csv"
"VseNaStolniTenis","DONIC-Splashflex","https://www.vsenastolnitenis.cz/cz/textil/polokosile-38/splashflex-14302107","2026-01-13T00:00:00","H:/Desaka\vsenastolnitenis\Full_13.01.2026\VseNaStolniTenisOutput.csv"
"VseNaStolniTenis","DONIC-Split","https://www.vsenastolnitenis.cz/cz/textil/tricka-39/split-14312105","2026-01-13T00:00:00","H:/Desaka\vsenastolnitenis\Full_13.01.2026\VseNaStolniTenisOutput.csv"
"VseNaStolniTenis","DONIC-Sprint","https://www.vsenastolnitenis.cz/cz/textil/sortky-40/sprint-14322101","2026-01-13T00:00:00","H:/Desaka\vsenastolnitenis\Full_13.01.2026\VseNaStolniTenisOutput.csv"
"VseNaStolniTenis","DONIC-Static","https://www.vsenastolnitenis.cz/cz/akcni-nabidka/textil-81/static-14311907","2026-01-13T00:00:00","H:/Desaka\vsenastolnitenis\Full_13.01.2026\VseNaStolniTenisOutput.csv"
"VseNaStolniTenis","DONIC-Stress","https://www.vsenastolnitenis.cz/cz/stoly/sitky-117/donic-stress-14811202","2026-01-13T00:00:00","H:/Desaka\vsenastolnitenis\Full_13.01.2026\VseNaStolniTenisOutput.csv"
"VseNaStolniTenis","DONIC-Stripes","https://www.vsenastolnitenis.cz/cz/akcni-nabidka/tricka-a-polokosile-81/stripes-14302007","2026-01-13T00:00:00","H:/Desaka\vsenastolnitenis\Full_13.01.2026\VseNaStolniTenisOutput.csv"
"VseNaStolniTenis","DONIC-Stunner","https://www.vsenastolnitenis.cz/cz/akcni-nabidka/tricka-a-polokosile-81/stunner-14312007","2026-01-13T00:00:00","H:/Desaka\vsenastolnitenis\Full_13.01.2026\VseNaStolniTenisOutput.csv"
"VseNaStolniTenis","DONIC-Swell","https://www.vsenastolnitenis.cz/cz/doplnky/batohy-119/swell-14502506","2026-01-13T00:00:00","H:/Desaka\vsenastolnitenis\Full_13.01.2026\VseNaStolniTenisOutput.csv"
"VseNaStolniTenis","DONIC-Tense","https://www.vsenastolnitenis.cz/cz/doplnky/tasky-118/tense-14502403","2026-01-13T00:00:00","H:/Desaka\vsenastolnitenis\Full_13.01.2026\VseNaStolniTenisOutput.csv"
"VseNaStolniTenis","DONIC-Tiger","https://www.vsenastolnitenis.cz/cz/textil/tricka-39/tiger-14312310","2026-01-13T00:00:00","H:/Desaka\vsenastolnitenis\Full_13.01.2026\VseNaStolniTenisOutput.csv"
"VseNaStolniTenis","DONIC-Tilt","https://www.vsenastolnitenis.cz/cz/doplnky/pouzdra-120/tilt-14512508","2026-01-13T00:00:00","H:/Desaka\vsenastolnitenis\Full_13.01.2026\VseNaStolniTenisOutput.csv"
"VseNaStolniTenis","DONIC-Traver","https://www.vsenastolnitenis.cz/cz/doplnky/batohy-119/traver-14502404","2026-01-13T00:00:00","H:/Desaka\vsenastolnitenis\Full_13.01.2026\VseNaStolniTenisOutput.csv"
"VseNaStolniTenis","DONIC-Trip","https://www.vsenastolnitenis.cz/cz/textil/bundy-46/trip-14372301","2026-01-13T00:00:00","H:/Desaka\vsenastolnitenis\Full_13.01.2026\VseNaStolniTenisOutput.csv"
"VseNaStolniTenis","DONIC-Tropic","https://www.vsenastolnitenis.cz/cz/textil/tricka-39/tropic-14312103","2026-01-13T00:00:00","H:/Desaka\vsenastolnitenis\Full_13.01.2026\VseNaStolniTenisOutput.csv"
"VseNaStolniTenis","DONIC-Twingo","https://www.vsenastolnitenis.cz/cz/potahy/softy-univerzalni-27/donic-twingo-14001421","2026-01-13T00:00:00","H:/Desaka\vsenastolnitenis\Full_13.01.2026\VseNaStolniTenisOutput.csv"
"VseNaStolniTenis","DONIC-Twingo Plus","https://www.vsenastolnitenis.cz/cz/potahy/softy-univerzalni-27/donic-twingo-plus-14001422","2026-01-13T00:00:00","H:/Desaka\vsenastolnitenis\Full_13.01.2026\VseNaStolniTenisOutput.csv"
"VseNaStolniTenis","DONIC-Vario Soft","https://www.vsenastolnitenis.cz/cz/potahy/softy-utocne-26/donic-vario-soft-14001229","2026-01-13T00:00:00","H:/Desaka\vsenastolnitenis\Full_13.01.2026\VseNaStolniTenisOutput.csv"
"VseNaStolniTenis","DONIC-Vertical","https://www.vsenastolnitenis.cz/cz/doplnky/tasky-118/vertical-14502302","2026-01-13T00:00:00","H:/Desaka\vsenastolnitenis\Full_13.01.2026\VseNaStolniTenisOutput.csv"
"VseNaStolniTenis","DONIC-Vesuvio","https://www.vsenastolnitenis.cz/cz/textil/ponozky-54/donic-vesuvio-14451606","2026-01-13T00:00:00","H:/Desaka\vsenastolnitenis\Full_13.01.2026\VseNaStolniTenisOutput.csv"
"VseNaStolniTenis","DONIC-Volt","https://www.vsenastolnitenis.cz/cz/doplnky/tasky-118/volt-14502401","2026-01-13T00:00:00","H:/Desaka\vsenastolnitenis\Full_13.01.2026\VseNaStolniTenisOutput.csv"
"VseNaStolniTenis","DONIC-Waldner","https://www.vsenastolnitenis.cz/cz/doplnky/pouzdra-120/donic-waldner-14511208","2026-01-13T00:00:00","H:/Desaka\vsenastolnitenis\Full_13.01.2026\VseNaStolniTenisOutput.csv"
"VseNaStolniTenis","DONIC-Waldner 400","https://www.vsenastolnitenis.cz/cz/palky/rekreacni-do-500-kc-280/donic-waldner-400-14201207","2026-01-13T00:00:00","H:/Desaka\vsenastolnitenis\Full_13.01.2026\VseNaStolniTenisOutput.csv"
"VseNaStolniTenis","DONIC-Waldner 400 Set","https://www.vsenastolnitenis.cz/cz/palky/sety-296/donic-waldner-400-set-14201211","2026-01-13T00:00:00","H:/Desaka\vsenastolnitenis\Full_13.01.2026\VseNaStolniTenisOutput.csv"
"VseNaStolniTenis","DONIC-Waldner 500","https://www.vsenastolnitenis.cz/cz/palky/rekreacni-do-500-kc-280/donic-waldner-500-14201206","2026-01-13T00:00:00","H:/Desaka\vsenastolnitenis\Full_13.01.2026\VseNaStolniTenisOutput.csv"
"VseNaStolniTenis","DONIC-Waldner 600","https://www.vsenastolnitenis.cz/cz/palky/rekreacni-do-500-kc-280/donic-waldner-600-14201205","2026-01-13T00:00:00","H:/Desaka\vsenastolnitenis\Full_13.01.2026\VseNaStolniTenisOutput.csv"
"VseNaStolniTenis","DONIC-Waldner 700","https://www.vsenastolnitenis.cz/cz/palky/rekreacni-do-1-000-kc-281/donic-waldner-700-14201204","2026-01-13T00:00:00","H:/Desaka\vsenastolnitenis\Full_13.01.2026\VseNaStolniTenisOutput.csv"
"VseNaStolniTenis","DONIC-Waldner 800","https://www.vsenastolnitenis.cz/cz/palky/rekreacni-do-1-000-kc-281/donic-waldner-800-14201203","2026-01-13T00:00:00","H:/Desaka\vsenastolnitenis\Full_13.01.2026\VseNaStolniTenisOutput.csv"
"VseNaStolniTenis","DONIC-Waldner 900","https://www.vsenastolnitenis.cz/cz/palky/rekreacni-do-1-000-kc-281/donic-waldner-900-14201202","2026-01-13T00:00:00","H:/Desaka\vsenastolnitenis\Full_13.01.2026\VseNaStolniTenisOutput.csv"
"VseNaStolniTenis","DONIC-Waldner Allplay","https://www.vsenastolnitenis.cz/cz/dreva/all-21/donic-waldner-allplay-14101228","2026-01-13T00:00:00","H:/Desaka\vsenastolnitenis\Full_13.01.2026\VseNaStolniTenisOutput.csv"
"VseNaStolniTenis","DONIC-Waldner Black Devil CB","https://www.vsenastolnitenis.cz/cz/dreva/off-25/donic-waldner-black-devil-cb-14101220","2026-01-13T00:00:00","H:/Desaka\vsenastolnitenis\Full_13.01.2026\VseNaStolniTenisOutput.csv"
"VseNaStolniTenis","DONIC-Waldner Dicon","https://www.vsenastolnitenis.cz/cz/dreva/off-24/donic-waldner-dicon-14101225","2026-01-13T00:00:00","H:/Desaka\vsenastolnitenis\Full_13.01.2026\VseNaStolniTenisOutput.csv"
"VseNaStolniTenis","DONIC-Waldner Dotec AR","https://www.vsenastolnitenis.cz/cz/dreva/off-23/donic-waldner-dotec-ar-14101217","2026-01-13T00:00:00","H:/Desaka\vsenastolnitenis\Full_13.01.2026\VseNaStolniTenisOutput.csv"
"VseNaStolniTenis","DONIC-Waldner Exclusive AR+","https://www.vsenastolnitenis.cz/cz/dreva/all-22/donic-waldner-exclusive-ar-14101253","2026-01-13T00:00:00","H:/Desaka\vsenastolnitenis\Full_13.01.2026\VseNaStolniTenisOutput.csv"
"VseNaStolniTenis","DONIC-Waldner OFF World Champion 89","https://www.vsenastolnitenis.cz/cz/dreva/off-24/donic-waldner-off-world-champion-89-14101402","2026-01-13T00:00:00","H:/Desaka\vsenastolnitenis\Full_13.01.2026\VseNaStolniTenisOutput.csv"
"VseNaStolniTenis","DONIC-Waldner Premium 30","https://www.vsenastolnitenis.cz/cz/stoly/vnitrni-66/14801206","2026-01-13T00:00:00","H:/Desaka\vsenastolnitenis\Full_13.01.2026\VseNaStolniTenisOutput.csv"
"VseNaStolniTenis","DONIC-Waldner SC","https://www.vsenastolnitenis.cz/cz/stoly/vnitrni-66/donic-waldner-sc-14801207","2026-01-13T00:00:00","H:/Desaka\vsenastolnitenis\Full_13.01.2026\VseNaStolniTenisOutput.csv"
"VseNaStolniTenis","DONIC-Waldner Senso V1","https://www.vsenastolnitenis.cz/cz/dreva/off-23/donic-waldner-senso-v1-14101226","2026-01-13T00:00:00","H:/Desaka\vsenastolnitenis\Full_13.01.2026\VseNaStolniTenisOutput.csv"
"VseNaStolniTenis","DONIC-Waldner Senso V2","https://www.vsenastolnitenis.cz/cz/dreva/all-22/donic-waldner-senso-v2-14101227","2026-01-13T00:00:00","H:/Desaka\vsenastolnitenis\Full_13.01.2026\VseNaStolniTenisOutput.csv"
"VseNaStolniTenis","DONIC-Waldner Youngstar","https://www.vsenastolnitenis.cz/cz/dreva/all-21/donic-waldner-youngstar-14101229","2026-01-13T00:00:00","H:/Desaka\vsenastolnitenis\Full_13.01.2026\VseNaStolniTenisOutput.csv"
"VseNaStolniTenis","DONIC-World Champion TC","https://www.vsenastolnitenis.cz/cz/stoly/vnitrni-66/donic-world-champion-tc-14801201","2026-01-13T00:00:00","H:/Desaka\vsenastolnitenis\Full_13.01.2026\VseNaStolniTenisOutput.csv"
"VseNaStolniTenis","DONIC-WX Dotec Control Plus","https://www.vsenastolnitenis.cz/cz/dreva/all-20/donic-wang-xi-dotec-control-plus-14101219","2026-01-13T00:00:00","H:/Desaka\vsenastolnitenis\Full_13.01.2026\VseNaStolniTenisOutput.csv"
"VseNaStolniTenis","DONIC-Xtreme","https://www.vsenastolnitenis.cz/cz/dreva/off-24/xtreme-14102301","2026-01-13T00:00:00","H:/Desaka\vsenastolnitenis\Full_13.01.2026\VseNaStolniTenisOutput.csv"
"VseNaStolniTenis","DONIC-Young Champs 150","https://www.vsenastolnitenis.cz/cz/palky/rekreacni-do-500-kc-280/donic-young-champs-150-14201208","2026-01-13T00:00:00","H:/Desaka\vsenastolnitenis\Full_13.01.2026\VseNaStolniTenisOutput.csv"
"VseNaStolniTenis","DONIC-Young Champs 200","https://www.vsenastolnitenis.cz/cz/palky/rekreacni-do-500-kc-280/donic-young-champs-200-14201209","2026-01-13T00:00:00","H:/Desaka\vsenastolnitenis\Full_13.01.2026\VseNaStolniTenisOutput.csv"
"VseNaStolniTenis","DONIC-Young Champs 300","https://www.vsenastolnitenis.cz/cz/palky/rekreacni-do-500-kc-280/donic-young-champs-300-14201210","2026-01-13T00:00:00","H:/Desaka\vsenastolnitenis\Full_13.01.2026\VseNaStolniTenisOutput.csv"
"VseNaStolniTenis","Double Fish-PAR40+ *** (6 ks)","https://www.vsenastolnitenis.cz/cz/micky/zavodni-plastove-76/par40-6-ks-52702401","2026-01-13T00:00:00","H:/Desaka\vsenastolnitenis\Full_13.01.2026\VseNaStolniTenisOutput.csv"
"VseNaStolniTenis","Double Fish-V40+ *** WTT (6 ks)","https://www.vsenastolnitenis.cz/cz/micky/zavodni-plastove-76/v40-wtt-6-ks-52702402","2026-01-13T00:00:00","H:/Desaka\vsenastolnitenis\Full_13.01.2026\VseNaStolniTenisOutput.csv"
"VseNaStolniTenis","Dr. Neubauer-Allround Premium","https://www.vsenastolnitenis.cz/cz/potahy/travy-30/dr-neubauer-allround-premium-26001301","2026-01-13T00:00:00","H:/Desaka\vsenastolnitenis\Full_13.01.2026\VseNaStolniTenisOutput.csv"
"VseNaStolniTenis","Dr. Neubauer-Allround Premium 2","https://www.vsenastolnitenis.cz/cz/potahy/travy-30/dr-neubauer-allround-premium-2-26001903","2026-01-13T00:00:00","H:/Desaka\vsenastolnitenis\Full_13.01.2026\VseNaStolniTenisOutput.csv"
"VseNaStolniTenis","Exacto-Time Out","https://www.vsenastolnitenis.cz/cz/vybaveni-pro-kluby/ostatni-73/time-out-51822401","2026-01-13T00:00:00","H:/Desaka\vsenastolnitenis\Full_13.01.2026\VseNaStolniTenisOutput.csv"
"VseNaStolniTenis","Friendship-729-2 new","https://www.vsenastolnitenis.cz/cz/potahy/softy-univerzalni-27/friendship-729-2-new-21001510","2026-01-13T00:00:00","H:/Desaka\vsenastolnitenis\Full_13.01.2026\VseNaStolniTenisOutput.csv"
"VseNaStolniTenis","FS-Medaile Bronce","https://www.vsenastolnitenis.cz/cz/doplnky/medaile-132/fs-medaile-bronce-48921904","2026-01-13T00:00:00","H:/Desaka\vsenastolnitenis\Full_13.01.2026\VseNaStolniTenisOutput.csv"
"VseNaStolniTenis","FS-Medaile Gold","https://www.vsenastolnitenis.cz/cz/doplnky/medaile-132/fs-medaile-gold-48921902","2026-01-13T00:00:00","H:/Desaka\vsenastolnitenis\Full_13.01.2026\VseNaStolniTenisOutput.csv"
"VseNaStolniTenis","FS-Medaile Silver","https://www.vsenastolnitenis.cz/cz/doplnky/medaile-132/fs-medaile-silver-48921903","2026-01-13T00:00:00","H:/Desaka\vsenastolnitenis\Full_13.01.2026\VseNaStolniTenisOutput.csv"
"VseNaStolniTenis","FS-Medaile TT","https://www.vsenastolnitenis.cz/cz/doplnky/medaile-132/medaile-tt-48921905","2026-01-13T00:00:00","H:/Desaka\vsenastolnitenis\Full_13.01.2026\VseNaStolniTenisOutput.csv"
"VseNaStolniTenis","FS-Pohár 23710-12","https://www.vsenastolnitenis.cz/cz/doplnky/pohary-131/pohar-23710-12-48912308","2026-01-13T00:00:00","H:/Desaka\vsenastolnitenis\Full_13.01.2026\VseNaStolniTenisOutput.csv"
"VseNaStolniTenis","FS-Pohár 23716-18","https://www.vsenastolnitenis.cz/cz/doplnky/pohary-131/pohar-23716-18-48912310","2026-01-13T00:00:00","H:/Desaka\vsenastolnitenis\Full_13.01.2026\VseNaStolniTenisOutput.csv"
"VseNaStolniTenis","FS-Pohár 23801-03","https://www.vsenastolnitenis.cz/cz/doplnky/pohary-131/pohar-23801-03-48912315","2026-01-13T00:00:00","H:/Desaka\vsenastolnitenis\Full_13.01.2026\VseNaStolniTenisOutput.csv"
"VseNaStolniTenis","FS-Pohár 23804-06","https://www.vsenastolnitenis.cz/cz/doplnky/pohary-131/pohar-23804-06-48912316","2026-01-13T00:00:00","H:/Desaka\vsenastolnitenis\Full_13.01.2026\VseNaStolniTenisOutput.csv"
"VseNaStolniTenis","FS-Pohár 23810-12","https://www.vsenastolnitenis.cz/cz/doplnky/pohary-131/pohar-23810-12-48912318","2026-01-13T00:00:00","H:/Desaka\vsenastolnitenis\Full_13.01.2026\VseNaStolniTenisOutput.csv"
"VseNaStolniTenis","FS-Pohár 23813-15","https://www.vsenastolnitenis.cz/cz/doplnky/pohary-131/pohar-23813-15-48912319","2026-01-13T00:00:00","H:/Desaka\vsenastolnitenis\Full_13.01.2026\VseNaStolniTenisOutput.csv"
"VseNaStolniTenis","FS-Pohár 23816-18","https://www.vsenastolnitenis.cz/cz/doplnky/pohary-131/pohar-23816-18-48912320","2026-01-13T00:00:00","H:/Desaka\vsenastolnitenis\Full_13.01.2026\VseNaStolniTenisOutput.csv"
"VseNaStolniTenis","FS-Pohár 23819-21","https://www.vsenastolnitenis.cz/cz/doplnky/pohary-131/pohar-23819-21-48912321","2026-01-13T00:00:00","H:/Desaka\vsenastolnitenis\Full_13.01.2026\VseNaStolniTenisOutput.csv"
"VseNaStolniTenis","GEWO-Nexxus EL PRO 38","https://www.vsenastolnitenis.cz/cz/potahy/softy-utocne-26/nexxus-el-pro-38-50002302","2026-01-13T00:00:00","H:/Desaka\vsenastolnitenis\Full_13.01.2026\VseNaStolniTenisOutput.csv"
"VseNaStolniTenis","GEWO-Nexxus EL PRO 43","https://www.vsenastolnitenis.cz/cz/potahy/softy-utocne-26/nexxus-el-pro-43-50002301","2026-01-13T00:00:00","H:/Desaka\vsenastolnitenis\Full_13.01.2026\VseNaStolniTenisOutput.csv"
"VseNaStolniTenis","GEWO-Nexxus EL PRO 48 Super Select","https://www.vsenastolnitenis.cz/cz/potahy/softy-utocne-26/nexxus-el-pro-48-super-select-50002303","2026-01-13T00:00:00","H:/Desaka\vsenastolnitenis\Full_13.01.2026\VseNaStolniTenisOutput.csv"
"VseNaStolniTenis","GEWO-Nexxus EL PRO 50 Super Select","https://www.vsenastolnitenis.cz/cz/potahy/softy-utocne-26/nexxus-el-pro-50-super-select-50002304","2026-01-13T00:00:00","H:/Desaka\vsenastolnitenis\Full_13.01.2026\VseNaStolniTenisOutput.csv"
"VseNaStolniTenis","Giant Dragon-Mini 903B","https://www.vsenastolnitenis.cz/cz/akcni-nabidka/stoly-140/mini-903b-20801305","2026-01-13T00:00:00","H:/Desaka\vsenastolnitenis\Full_13.01.2026\VseNaStolniTenisOutput.csv"
"VseNaStolniTenis","Giant Dragon-Síťka P200","https://www.vsenastolnitenis.cz/cz/stoly/sitky-117/giant-dragon-sitka-p200-20811302","2026-01-13T00:00:00","H:/Desaka\vsenastolnitenis\Full_13.01.2026\VseNaStolniTenisOutput.csv"
"VseNaStolniTenis","Giant Dragon-Síťka zelená","https://www.vsenastolnitenis.cz/cz/stoly/sitky-117/giant-dragon-sitka-zelena-20811301","2026-01-13T00:00:00","H:/Desaka\vsenastolnitenis\Full_13.01.2026\VseNaStolniTenisOutput.csv"
"VseNaStolniTenis","Hanno-*** 40+ Polyball (3ks)","https://www.vsenastolnitenis.cz/cz/micky/zavodni-plastove-76/hanno-40-polyball-3ks-40701502","2026-01-13T00:00:00","H:/Desaka\vsenastolnitenis\Full_13.01.2026\VseNaStolniTenisOutput.csv"
"VseNaStolniTenis","Hanno-*** 40+ Polyball (72ks)","https://www.vsenastolnitenis.cz/cz/micky/zavodni-plastove-76/hanno-40-polyball-72ks-40701501","2026-01-13T00:00:00","H:/Desaka\vsenastolnitenis\Full_13.01.2026\VseNaStolniTenisOutput.csv"
"VseNaStolniTenis","Hanno-Control ** 40+ (72ks)","https://www.vsenastolnitenis.cz/cz/micky/treninkove-plastove-77/hanno-control-40-72ks-40701504","2026-01-13T00:00:00","H:/Desaka\vsenastolnitenis\Full_13.01.2026\VseNaStolniTenisOutput.csv"
"VseNaStolniTenis","JOOLA-2000-S Pro","https://www.vsenastolnitenis.cz/cz/stoly/vnitrni-66/2000-s-pro-16802302","2026-01-13T00:00:00","H:/Desaka\vsenastolnitenis\Full_13.01.2026\VseNaStolniTenisOutput.csv"
"VseNaStolniTenis","JOOLA-3000 SC Pro","https://www.vsenastolnitenis.cz/cz/stoly/vnitrni-66/joola-3000-sc-rozbaleny-obal-16801701","2026-01-13T00:00:00","H:/Desaka\vsenastolnitenis\Full_13.01.2026\VseNaStolniTenisOutput.csv"
"VseNaStolniTenis","JOOLA-Aluterna","https://www.vsenastolnitenis.cz/cz/stoly/venkovni-67/aluterna-16802401","2026-01-13T00:00:00","H:/Desaka\vsenastolnitenis\Full_13.01.2026\VseNaStolniTenisOutput.csv"
"VseNaStolniTenis","JOOLA-Basic 20","https://www.vsenastolnitenis.cz/cz/textil/sortky-40/basic-20-16322402","2026-01-13T00:00:00","H:/Desaka\vsenastolnitenis\Full_13.01.2026\VseNaStolniTenisOutput.csv"
"VseNaStolniTenis","JOOLA-Beat","https://www.vsenastolnitenis.cz/cz/palky/rekreacni-do-500-kc-280/beat-16202501","2026-01-13T00:00:00","H:/Desaka\vsenastolnitenis\Full_13.01.2026\VseNaStolniTenisOutput.csv"
"VseNaStolniTenis","JOOLA-CWX","https://www.vsenastolnitenis.cz/cz/potahy/polotravy-135/joola-cwx-16001701","2026-01-13T00:00:00","H:/Desaka\vsenastolnitenis\Full_13.01.2026\VseNaStolniTenisOutput.csv"
"VseNaStolniTenis","JOOLA-Duomat Pro","https://www.vsenastolnitenis.cz/cz/stoly/vnitrni-66/duomat-pro-16802101","2026-01-13T00:00:00","H:/Desaka\vsenastolnitenis\Full_13.01.2026\VseNaStolniTenisOutput.csv"
"VseNaStolniTenis","JOOLA-Dynaryz ACC","https://www.vsenastolnitenis.cz/cz/potahy/softy-utocne-26/joola-dynaryz-acc-16002001","2026-01-13T00:00:00","H:/Desaka\vsenastolnitenis\Full_13.01.2026\VseNaStolniTenisOutput.csv"
"VseNaStolniTenis","JOOLA-Dynaryz AGR","https://www.vsenastolnitenis.cz/cz/potahy/softy-utocne-26/joola-dynaryz-agr-16002002","2026-01-13T00:00:00","H:/Desaka\vsenastolnitenis\Full_13.01.2026\VseNaStolniTenisOutput.csv"
"VseNaStolniTenis","JOOLA-Dynaryz Inferno","https://www.vsenastolnitenis.cz/cz/potahy/softy-utocne-26/dynaryz-inferno-16002305","2026-01-13T00:00:00","H:/Desaka\vsenastolnitenis\Full_13.01.2026\VseNaStolniTenisOutput.csv"
"VseNaStolniTenis","JOOLA-Dynaryz ZGR","https://www.vsenastolnitenis.cz/cz/potahy/softy-utocne-26/dynaryz-zgr-16002101","2026-01-13T00:00:00","H:/Desaka\vsenastolnitenis\Full_13.01.2026\VseNaStolniTenisOutput.csv"
"VseNaStolniTenis","JOOLA-Dynaryz ZGX","https://www.vsenastolnitenis.cz/cz/potahy/softy-utocne-26/dynaryz-zgx-16002307","2026-01-13T00:00:00","H:/Desaka\vsenastolnitenis\Full_13.01.2026\VseNaStolniTenisOutput.csv"
"VseNaStolniTenis","JOOLA-Edge","https://www.vsenastolnitenis.cz/cz/textil/polokosile-38/edge-16302405","2026-01-13T00:00:00","H:/Desaka\vsenastolnitenis\Full_13.01.2026\VseNaStolniTenisOutput.csv"
"VseNaStolniTenis","JOOLA-Express Ultra","https://www.vsenastolnitenis.cz/cz/potahy/sendvice-31/joola-express-ultra-16001321","2026-01-13T00:00:00","H:/Desaka\vsenastolnitenis\Full_13.01.2026\VseNaStolniTenisOutput.csv"
"VseNaStolniTenis","JOOLA-Flash *** 40+ (3 ks)","https://www.vsenastolnitenis.cz/cz/micky/zavodni-plastove-76/joola-flash-40-3-ks-16701601","2026-01-13T00:00:00","H:/Desaka\vsenastolnitenis\Full_13.01.2026\VseNaStolniTenisOutput.csv"
"VseNaStolniTenis","JOOLA-Flash *** 40+ (6 ks)","https://www.vsenastolnitenis.cz/cz/micky/zavodni-plastove-76/joola-flash-40-6-ks-16701602","2026-01-13T00:00:00","H:/Desaka\vsenastolnitenis\Full_13.01.2026\VseNaStolniTenisOutput.csv"
"VseNaStolniTenis","JOOLA-Flash *** 40+ (72 ks)","https://www.vsenastolnitenis.cz/cz/micky/zavodni-plastove-76/joola-flash-40-72-ks-16701603","2026-01-13T00:00:00","H:/Desaka\vsenastolnitenis\Full_13.01.2026\VseNaStolniTenisOutput.csv"
"VseNaStolniTenis","JOOLA-Flip 40+ (72 ks)","https://www.vsenastolnitenis.cz/cz/micky/treninkove-plastove-77/joola-flip-40-72-ks-16701701","2026-01-13T00:00:00","H:/Desaka\vsenastolnitenis\Full_13.01.2026\VseNaStolniTenisOutput.csv"
"VseNaStolniTenis","JOOLA-Hard Case","https://www.vsenastolnitenis.cz/cz/doplnky/pouzdra-120/hard-case-16512502","2026-01-13T00:00:00","H:/Desaka\vsenastolnitenis\Full_13.01.2026\VseNaStolniTenisOutput.csv"
"VseNaStolniTenis","JOOLA-Chen Defender","https://www.vsenastolnitenis.cz/cz/dreva/def-19/joola-chen-defender-16101815","2026-01-13T00:00:00","H:/Desaka\vsenastolnitenis\Full_13.01.2026\VseNaStolniTenisOutput.csv"
"VseNaStolniTenis","JOOLA-Chen Weixing","https://www.vsenastolnitenis.cz/cz/dreva/def-19/joola-chen-weixing-16101814","2026-01-13T00:00:00","H:/Desaka\vsenastolnitenis\Full_13.01.2026\VseNaStolniTenisOutput.csv"
"VseNaStolniTenis","JOOLA-J Carbon","https://www.vsenastolnitenis.cz/cz/dreva/all-21/j-carbon-16102305","2026-01-13T00:00:00","H:/Desaka\vsenastolnitenis\Full_13.01.2026\VseNaStolniTenisOutput.csv"
"VseNaStolniTenis","JOOLA-J Carbon + Vizon","https://www.vsenastolnitenis.cz/cz/akcni-nabidka/palky-106/allround-maxxx400-samba-tech-16202104","2026-01-13T00:00:00","H:/Desaka\vsenastolnitenis\Full_13.01.2026\VseNaStolniTenisOutput.csv"
"VseNaStolniTenis","JOOLA-Kufřík Alu","https://www.vsenastolnitenis.cz/cz/doplnky/pouzdra-120/joola-kufrik-alu-16511502","2026-01-13T00:00:00","H:/Desaka\vsenastolnitenis\Full_13.01.2026\VseNaStolniTenisOutput.csv"
"VseNaStolniTenis","JOOLA-Kufřík Alu Double","https://www.vsenastolnitenis.cz/cz/doplnky/pouzdra-120/kufrik-alu-double-16512203","2026-01-13T00:00:00","H:/Desaka\vsenastolnitenis\Full_13.01.2026\VseNaStolniTenisOutput.csv"
"VseNaStolniTenis","JOOLA-Kufřík Alu Laser","https://www.vsenastolnitenis.cz/cz/doplnky/pouzdra-120/kufrik-alu-laser-16512202","2026-01-13T00:00:00","H:/Desaka\vsenastolnitenis\Full_13.01.2026\VseNaStolniTenisOutput.csv"
"VseNaStolniTenis","JOOLA-Lex Green (100 ml)","https://www.vsenastolnitenis.cz/cz/doplnky/lepidla-vodou-reditelna-123/joola-lex-green-100-ml-16601204","2026-01-13T00:00:00","H:/Desaka\vsenastolnitenis\Full_13.01.2026\VseNaStolniTenisOutput.csv"
"VseNaStolniTenis","JOOLA-Lex Green (1000 ml)","https://www.vsenastolnitenis.cz/cz/doplnky/lepidla-vodou-reditelna-123/lex-green-1000-ml-16601205","2026-01-13T00:00:00","H:/Desaka\vsenastolnitenis\Full_13.01.2026\VseNaStolniTenisOutput.csv"
"VseNaStolniTenis","JOOLA-Maco 20","https://www.vsenastolnitenis.cz/cz/textil/sortky-40/maco-20-16322401","2026-01-13T00:00:00","H:/Desaka\vsenastolnitenis\Full_13.01.2026\VseNaStolniTenisOutput.csv"
"VseNaStolniTenis","JOOLA-Magic ABS 40+ (72 ks)","https://www.vsenastolnitenis.cz/cz/micky/treninkove-plastove-77/joola-magic-abs-40-72-ks-16701804","2026-01-13T00:00:00","H:/Desaka\vsenastolnitenis\Full_13.01.2026\VseNaStolniTenisOutput.csv"
"VseNaStolniTenis","JOOLA-Maxxx 500","https://www.vsenastolnitenis.cz/cz/potahy/softy-utocne-26/joola-maxxx-500-16001314","2026-01-13T00:00:00","H:/Desaka\vsenastolnitenis\Full_13.01.2026\VseNaStolniTenisOutput.csv"
"VseNaStolniTenis","JOOLA-Micron","https://www.vsenastolnitenis.cz/cz/potahy/softy-univerzalni-27/micron-16002304","2026-01-13T00:00:00","H:/Desaka\vsenastolnitenis\Full_13.01.2026\VseNaStolniTenisOutput.csv"
"VseNaStolniTenis","JOOLA-Míček Elephant 55mm (1 ks)","https://www.vsenastolnitenis.cz/cz/micky/reklamni-114/micek-elephant-55mm-1-ks-16701600","2026-01-13T00:00:00","H:/Desaka\vsenastolnitenis\Full_13.01.2026\VseNaStolniTenisOutput.csv"
"VseNaStolniTenis","JOOLA-Nobilis PBO-c","https://www.vsenastolnitenis.cz/cz/dreva/off-24/joola-nobilis-pbo-c-16101809","2026-01-13T00:00:00","H:/Desaka\vsenastolnitenis\Full_13.01.2026\VseNaStolniTenisOutput.csv"
"VseNaStolniTenis","JOOLA-O Allround","https://www.vsenastolnitenis.cz/cz/dreva/all-21/joola-o-allround-16101844","2026-01-13T00:00:00","H:/Desaka\vsenastolnitenis\Full_13.01.2026\VseNaStolniTenisOutput.csv"
"VseNaStolniTenis","JOOLA-Offense","https://www.vsenastolnitenis.cz/cz/dreva/all-21/offense-16101901","2026-01-13T00:00:00","H:/Desaka\vsenastolnitenis\Full_13.01.2026\VseNaStolniTenisOutput.csv"
"VseNaStolniTenis","JOOLA-Outdoor Ball (12 ks)","https://www.vsenastolnitenis.cz/cz/micky/venkovni-350/outdoor-ball-12-ks-16702501","2026-01-13T00:00:00","H:/Desaka\vsenastolnitenis\Full_13.01.2026\VseNaStolniTenisOutput.csv"
"VseNaStolniTenis","JOOLA-Outdoor Ball (6 ks)","https://www.vsenastolnitenis.cz/cz/micky/venkovni-350/outdoor-ball-6-ks-16702201","2026-01-13T00:00:00","H:/Desaka\vsenastolnitenis\Full_13.01.2026\VseNaStolniTenisOutput.csv"
"VseNaStolniTenis","JOOLA-Pocket Double","https://www.vsenastolnitenis.cz/cz/doplnky/pouzdra-120/pocket-double-16512401","2026-01-13T00:00:00","H:/Desaka\vsenastolnitenis\Full_13.01.2026\VseNaStolniTenisOutput.csv"
"VseNaStolniTenis","JOOLA-Pocket Single","https://www.vsenastolnitenis.cz/cz/doplnky/pouzdra-120/pocket-single-16512403","2026-01-13T00:00:00","H:/Desaka\vsenastolnitenis\Full_13.01.2026\VseNaStolniTenisOutput.csv"
"VseNaStolniTenis","JOOLA-Potítko","https://www.vsenastolnitenis.cz/cz/textil/potitka-49/potitko-16392501","2026-01-13T00:00:00","H:/Desaka\vsenastolnitenis\Full_13.01.2026\VseNaStolniTenisOutput.csv"
"VseNaStolniTenis","JOOLA-Prime *** 40+ (3 ks)","https://www.vsenastolnitenis.cz/cz/micky/zavodni-plastove-76/joola-prime-40-3-ks-16701801","2026-01-13T00:00:00","H:/Desaka\vsenastolnitenis\Full_13.01.2026\VseNaStolniTenisOutput.csv"
"VseNaStolniTenis","JOOLA-Prime *** 40+ (6 ks)","https://www.vsenastolnitenis.cz/cz/micky/zavodni-plastove-76/joola-prime-40-6-ks-16701802","2026-01-13T00:00:00","H:/Desaka\vsenastolnitenis\Full_13.01.2026\VseNaStolniTenisOutput.csv"
"VseNaStolniTenis","JOOLA-Prime *** 40+ (72 ks)","https://www.vsenastolnitenis.cz/cz/micky/zavodni-plastove-76/joola-prime-40-72-ks-16701803","2026-01-13T00:00:00","H:/Desaka\vsenastolnitenis\Full_13.01.2026\VseNaStolniTenisOutput.csv"
"VseNaStolniTenis","JOOLA-Pro Tour","https://www.vsenastolnitenis.cz/cz/stoly/sitky-117/joola-pro-tour-16811601","2026-01-13T00:00:00","H:/Desaka\vsenastolnitenis\Full_13.01.2026\VseNaStolniTenisOutput.csv"
"VseNaStolniTenis","JOOLA-Rhyzen CMD","https://www.vsenastolnitenis.cz/cz/potahy/softy-utocne-26/rhyzen-cmd-16002104","2026-01-13T00:00:00","H:/Desaka\vsenastolnitenis\Full_13.01.2026\VseNaStolniTenisOutput.csv"
"VseNaStolniTenis","JOOLA-Rhyzen Fire","https://www.vsenastolnitenis.cz/cz/potahy/softy-utocne-26/rhyzen-fire-16002201","2026-01-13T00:00:00","H:/Desaka\vsenastolnitenis\Full_13.01.2026\VseNaStolniTenisOutput.csv"
"VseNaStolniTenis","JOOLA-Rhyzen Ice","https://www.vsenastolnitenis.cz/cz/potahy/softy-utocne-26/rhyzen-ice-16002202","2026-01-13T00:00:00","H:/Desaka\vsenastolnitenis\Full_13.01.2026\VseNaStolniTenisOutput.csv"
"VseNaStolniTenis","JOOLA-Rhyzen ZGX","https://www.vsenastolnitenis.cz/cz/potahy/softy-utocne-26/rhyzen-zgx-16002306","2026-01-13T00:00:00","H:/Desaka\vsenastolnitenis\Full_13.01.2026\VseNaStolniTenisOutput.csv"
"VseNaStolniTenis","JOOLA-Rhyzer Pro 50","https://www.vsenastolnitenis.cz/cz/potahy/softy-utocne-26/joola-rhyzer-pro-50-16001803","2026-01-13T00:00:00","H:/Desaka\vsenastolnitenis\Full_13.01.2026\VseNaStolniTenisOutput.csv"
"VseNaStolniTenis","JOOLA-Rubber Foam Set","https://www.vsenastolnitenis.cz/cz/doplnky/cistice-potahu-125/rubber-foam-set-16612402","2026-01-13T00:00:00","H:/Desaka\vsenastolnitenis\Full_13.01.2026\VseNaStolniTenisOutput.csv"
"VseNaStolniTenis","JOOLA-Sada na lepení (50ks)","https://www.vsenastolnitenis.cz/cz/doplnky/lepidla-vodou-reditelna-123/sada-na-lepeni-50ks-16602301","2026-01-13T00:00:00","H:/Desaka\vsenastolnitenis\Full_13.01.2026\VseNaStolniTenisOutput.csv"
"VseNaStolniTenis","JOOLA-Samba","https://www.vsenastolnitenis.cz/cz/potahy/softy-utocne-26/joola-samba-16001307","2026-01-13T00:00:00","H:/Desaka\vsenastolnitenis\Full_13.01.2026\VseNaStolniTenisOutput.csv"
"VseNaStolniTenis","JOOLA-SANTORU 3K-c","https://www.vsenastolnitenis.cz/cz/dreva/off-24/santoru-3k-c-16102201","2026-01-13T00:00:00","H:/Desaka\vsenastolnitenis\Full_13.01.2026\VseNaStolniTenisOutput.csv"
"VseNaStolniTenis","JOOLA-Set Colorato","https://www.vsenastolnitenis.cz/cz/akcni-nabidka/palky-106/set-colorato-16202003","2026-01-13T00:00:00","H:/Desaka\vsenastolnitenis\Full_13.01.2026\VseNaStolniTenisOutput.csv"
"VseNaStolniTenis","JOOLA-Set Vivid Outdoor","https://www.vsenastolnitenis.cz/cz/akcni-nabidka/palky-106/set-vivid-outdoor-16202002","2026-01-13T00:00:00","H:/Desaka\vsenastolnitenis\Full_13.01.2026\VseNaStolniTenisOutput.csv"
"VseNaStolniTenis","JOOLA-Shark","https://www.vsenastolnitenis.cz/cz/potahy/travy-30/joola-shark-16001323","2026-01-13T00:00:00","H:/Desaka\vsenastolnitenis\Full_13.01.2026\VseNaStolniTenisOutput.csv"
"VseNaStolniTenis","JOOLA-Síťovina Pro Tour","https://www.vsenastolnitenis.cz/cz/stoly/sitoviny-a-merky-138/sitovina-pro-tour-16811504","2026-01-13T00:00:00","H:/Desaka\vsenastolnitenis\Full_13.01.2026\VseNaStolniTenisOutput.csv"
"VseNaStolniTenis","JOOLA-Síťovina s tyčemi","https://www.vsenastolnitenis.cz/cz/stoly/sitoviny-a-merky-138/joola-sitovina-s-tycemi-16811502","2026-01-13T00:00:00","H:/Desaka\vsenastolnitenis\Full_13.01.2026\VseNaStolniTenisOutput.csv"
"VseNaStolniTenis","JOOLA-Síťovina Snap","https://www.vsenastolnitenis.cz/cz/stoly/sitoviny-a-merky-138/sitovina-snap-16811503","2026-01-13T00:00:00","H:/Desaka\vsenastolnitenis\Full_13.01.2026\VseNaStolniTenisOutput.csv"
"VseNaStolniTenis","JOOLA-Síťovina Spring","https://www.vsenastolnitenis.cz/cz/stoly/sitoviny-a-merky-138/joola-sitovina-16811501","2026-01-13T00:00:00","H:/Desaka\vsenastolnitenis\Full_13.01.2026\VseNaStolniTenisOutput.csv"
"VseNaStolniTenis","JOOLA-Spinball (12 ks)","https://www.vsenastolnitenis.cz/cz/micky/treninkove-plastove-77/spinball-12-ks-16702401","2026-01-13T00:00:00","H:/Desaka\vsenastolnitenis\Full_13.01.2026\VseNaStolniTenisOutput.csv"
"VseNaStolniTenis","JOOLA-Tango Ultra","https://www.vsenastolnitenis.cz/cz/potahy/sendvice-31/joola-tango-ultra-16001320","2026-01-13T00:00:00","H:/Desaka\vsenastolnitenis\Full_13.01.2026\VseNaStolniTenisOutput.csv"
"VseNaStolniTenis","JOOLA-Tezzo Guardian","https://www.vsenastolnitenis.cz/cz/dreva/all-22/tezzo-guardian-16102301","2026-01-13T00:00:00","H:/Desaka\vsenastolnitenis\Full_13.01.2026\VseNaStolniTenisOutput.csv"
"VseNaStolniTenis","JOOLA-Tezzo Paladin","https://www.vsenastolnitenis.cz/cz/dreva/off-23/tezzo-paladin-16102302","2026-01-13T00:00:00","H:/Desaka\vsenastolnitenis\Full_13.01.2026\VseNaStolniTenisOutput.csv"
"VseNaStolniTenis","JOOLA-Tezzo Spartan","https://www.vsenastolnitenis.cz/cz/dreva/off-24/tezzo-spartan-16102304","2026-01-13T00:00:00","H:/Desaka\vsenastolnitenis\Full_13.01.2026\VseNaStolniTenisOutput.csv"
"VseNaStolniTenis","JOOLA-Tezzo Warrior","https://www.vsenastolnitenis.cz/cz/dreva/off-24/tezzo-warrior-16102303","2026-01-13T00:00:00","H:/Desaka\vsenastolnitenis\Full_13.01.2026\VseNaStolniTenisOutput.csv"
"VseNaStolniTenis","JOOLA-Training 40+ (144 ks)","https://www.vsenastolnitenis.cz/cz/micky/treninkove-plastove-77/training-40-144-ks-16702302","2026-01-13T00:00:00","H:/Desaka\vsenastolnitenis\Full_13.01.2026\VseNaStolniTenisOutput.csv"
"VseNaStolniTenis","JOOLA-Tronix ACC","https://www.vsenastolnitenis.cz/cz/potahy/softy-utocne-26/tronix-acc-16002302","2026-01-13T00:00:00","H:/Desaka\vsenastolnitenis\Full_13.01.2026\VseNaStolniTenisOutput.csv"
"VseNaStolniTenis","JOOLA-Tronix CMD","https://www.vsenastolnitenis.cz/cz/potahy/softy-utocne-26/tronix-cmd-16002303","2026-01-13T00:00:00","H:/Desaka\vsenastolnitenis\Full_13.01.2026\VseNaStolniTenisOutput.csv"
"VseNaStolniTenis","JOOLA-Tronix ZGR","https://www.vsenastolnitenis.cz/cz/potahy/softy-utocne-26/tronix-zgr-16002301","2026-01-13T00:00:00","H:/Desaka\vsenastolnitenis\Full_13.01.2026\VseNaStolniTenisOutput.csv"
"VseNaStolniTenis","JOOLA-Wing Passion Fast","https://www.vsenastolnitenis.cz/cz/dreva/all-21/wing-passion-fast-16101701","2026-01-13T00:00:00","H:/Desaka\vsenastolnitenis\Full_13.01.2026\VseNaStolniTenisOutput.csv"
"VseNaStolniTenis","JOOLA-Wing Passion Medium","https://www.vsenastolnitenis.cz/cz/dreva/all-21/wing-passion-medium-16101702","2026-01-13T00:00:00","H:/Desaka\vsenastolnitenis\Full_13.01.2026\VseNaStolniTenisOutput.csv"
"VseNaStolniTenis","JOOLA-WM","https://www.vsenastolnitenis.cz/cz/stoly/sitky-117/joola-wm-16811602","2026-01-13T00:00:00","H:/Desaka\vsenastolnitenis\Full_13.01.2026\VseNaStolniTenisOutput.csv"
"VseNaStolniTenis","JOOLA-WM Ultra","https://www.vsenastolnitenis.cz/cz/stoly/sitky-117/wm-ultra-16812102","2026-01-13T00:00:00","H:/Desaka\vsenastolnitenis\Full_13.01.2026\VseNaStolniTenisOutput.csv"
"VseNaStolniTenis","JOOLA-World Cup 25-S","https://www.vsenastolnitenis.cz/cz/stoly/vnitrni-66/world-cup-25-s-16802502","2026-01-13T00:00:00","H:/Desaka\vsenastolnitenis\Full_13.01.2026\VseNaStolniTenisOutput.csv"
"VseNaStolniTenis","JOOLA-Xylo 7","https://www.vsenastolnitenis.cz/cz/dreva/off-24/xylo-7-16102202","2026-01-13T00:00:00","H:/Desaka\vsenastolnitenis\Full_13.01.2026\VseNaStolniTenisOutput.csv"
"VseNaStolniTenis","JOOLA-Zack","https://www.vsenastolnitenis.cz/cz/potahy/softy-univerzalni-27/joola-zack-16001603","2026-01-13T00:00:00","H:/Desaka\vsenastolnitenis\Full_13.01.2026\VseNaStolniTenisOutput.csv"
"VseNaStolniTenis","Nittaku-Acoustic","https://www.vsenastolnitenis.cz/cz/dreva/off-24/nittaku-acoustic-27101902","2026-01-13T00:00:00","H:/Desaka\vsenastolnitenis\Full_13.01.2026\VseNaStolniTenisOutput.csv"
"VseNaStolniTenis","Nittaku-Hammond Z2","https://www.vsenastolnitenis.cz/cz/potahy/softy-utocne-26/hammond-z2-27002301","2026-01-13T00:00:00","H:/Desaka\vsenastolnitenis\Full_13.01.2026\VseNaStolniTenisOutput.csv"
"VseNaStolniTenis","Nittaku-Hurricane Pro 3 Turbo Orange","https://www.vsenastolnitenis.cz/cz/potahy/softy-utocne-26/hurricane-pro-3-turbo-orange-27002502","2026-01-13T00:00:00","H:/Desaka\vsenastolnitenis\Full_13.01.2026\VseNaStolniTenisOutput.csv"
"VseNaStolniTenis","Nittaku-J-Top Training 40+ (120ks)","https://www.vsenastolnitenis.cz/cz/micky/treninkove-plastove-77/nittaku-super-training-40-100ks-27701502","2026-01-13T00:00:00","H:/Desaka\vsenastolnitenis\Full_13.01.2026\VseNaStolniTenisOutput.csv"
"VseNaStolniTenis","Nittaku-Premium *** 40+ (3ks)","https://www.vsenastolnitenis.cz/cz/micky/zavodni-plastove-76/nittaku-premium-40-3ks-27701501","2026-01-13T00:00:00","H:/Desaka\vsenastolnitenis\Full_13.01.2026\VseNaStolniTenisOutput.csv"
"VseNaStolniTenis","Nittaku-Premium *** 40+ (72ks)","https://www.vsenastolnitenis.cz/cz/micky/zavodni-plastove-76/nittaku-premium-40-72ks-27701503","2026-01-13T00:00:00","H:/Desaka\vsenastolnitenis\Full_13.01.2026\VseNaStolniTenisOutput.csv"
"VseNaStolniTenis","Nittaku-Shake Defence","https://www.vsenastolnitenis.cz/cz/dreva/def-19/nittaku-shake-defence-27101903","2026-01-13T00:00:00","H:/Desaka\vsenastolnitenis\Full_13.01.2026\VseNaStolniTenisOutput.csv"
"VseNaStolniTenis","Nittaku-Violin","https://www.vsenastolnitenis.cz/cz/dreva/all-22/nittaku-violin-27101901","2026-01-13T00:00:00","H:/Desaka\vsenastolnitenis\Full_13.01.2026\VseNaStolniTenisOutput.csv"
"VseNaStolniTenis","Palio-CK 531A","https://www.vsenastolnitenis.cz/cz/potahy/travy-30/palio-ck-531a-31001301","2026-01-13T00:00:00","H:/Desaka\vsenastolnitenis\Full_13.01.2026\VseNaStolniTenisOutput.csv"
"VseNaStolniTenis","PimplePark-Wobbler","https://www.vsenastolnitenis.cz/cz/potahy/travy-30/pimplepark-wobbler-46001801","2026-01-13T00:00:00","H:/Desaka\vsenastolnitenis\Full_13.01.2026\VseNaStolniTenisOutput.csv"
"VseNaStolniTenis","Sauer + Troger-Easy P","https://www.vsenastolnitenis.cz/cz/potahy/travy-30/easy-p-38002504","2026-01-13T00:00:00","H:/Desaka\vsenastolnitenis\Full_13.01.2026\VseNaStolniTenisOutput.csv"
"VseNaStolniTenis","Sauer + Troger-Hellfire","https://www.vsenastolnitenis.cz/cz/potahy/travy-30/hellfire-38002502","2026-01-13T00:00:00","H:/Desaka\vsenastolnitenis\Full_13.01.2026\VseNaStolniTenisOutput.csv"
"VseNaStolniTenis","Sauer + Troger-Hellfire X","https://www.vsenastolnitenis.cz/cz/potahy/travy-30/hellfire-x-38002001","2026-01-13T00:00:00","H:/Desaka\vsenastolnitenis\Full_13.01.2026\VseNaStolniTenisOutput.csv"
"VseNaStolniTenis","Sauer + Troger-Monkey","https://www.vsenastolnitenis.cz/cz/potahy/travy-30/monkey-38002501","2026-01-13T00:00:00","H:/Desaka\vsenastolnitenis\Full_13.01.2026\VseNaStolniTenisOutput.csv"
"VseNaStolniTenis","Sauer + Troger-Schmerz","https://www.vsenastolnitenis.cz/cz/potahy/travy-30/schmerz-38002505","2026-01-13T00:00:00","H:/Desaka\vsenastolnitenis\Full_13.01.2026\VseNaStolniTenisOutput.csv"
"VseNaStolniTenis","Sauer + Troger-Super Stop","https://www.vsenastolnitenis.cz/cz/potahy/antitopspiny-29/super-stop-38002503","2026-01-13T00:00:00","H:/Desaka\vsenastolnitenis\Full_13.01.2026\VseNaStolniTenisOutput.csv"
"VseNaStolniTenis","STIGA-Activity","https://www.vsenastolnitenis.cz/cz/akcni-nabidka/tricka-a-polokosile-81/activity-12311903","2026-01-13T00:00:00","H:/Desaka\vsenastolnitenis\Full_13.01.2026\VseNaStolniTenisOutput.csv"
"VseNaStolniTenis","STIGA-Attitude Lady","https://www.vsenastolnitenis.cz/cz/akcni-nabidka/sortky-139/attitude-lady-12321901","2026-01-13T00:00:00","H:/Desaka\vsenastolnitenis\Full_13.01.2026\VseNaStolniTenisOutput.csv"
"VseNaStolniTenis","STIGA-Calibra LT Sound","https://www.vsenastolnitenis.cz/cz/potahy/softy-utocne-26/stiga-calibra-lt-sound-12002038","2026-01-13T00:00:00","H:/Desaka\vsenastolnitenis\Full_13.01.2026\VseNaStolniTenisOutput.csv"
"VseNaStolniTenis","STIGA-Carbo 7.6 WRB","https://www.vsenastolnitenis.cz/cz/dreva/pro-sberatele-353/carbo-7-6-wrb-12101018","2026-01-13T00:00:00","H:/Desaka\vsenastolnitenis\Full_13.01.2026\VseNaStolniTenisOutput.csv"
"VseNaStolniTenis","STIGA-CarboKev WRB","https://www.vsenastolnitenis.cz/cz/dreva/pro-sberatele-353/carbokev-12101030","2026-01-13T00:00:00","H:/Desaka\vsenastolnitenis\Full_13.01.2026\VseNaStolniTenisOutput.csv"
"VseNaStolniTenis","STIGA-Celero Wood","https://www.vsenastolnitenis.cz/cz/dreva/pro-sberatele-353/celero-wood-12101703","2026-01-13T00:00:00","H:/Desaka\vsenastolnitenis\Full_13.01.2026\VseNaStolniTenisOutput.csv"
"VseNaStolniTenis","STIGA-Classic","https://www.vsenastolnitenis.cz/cz/textil/tricka-39/classic-12312501","2026-01-13T00:00:00","H:/Desaka\vsenastolnitenis\Full_13.01.2026\VseNaStolniTenisOutput.csv"
"VseNaStolniTenis","STIGA-Classic Lady","https://www.vsenastolnitenis.cz/cz/textil/tricka-39/classic-lady-12312509","2026-01-13T00:00:00","H:/Desaka\vsenastolnitenis\Full_13.01.2026\VseNaStolniTenisOutput.csv"
"VseNaStolniTenis","STIGA-Clipper","https://www.vsenastolnitenis.cz/cz/dreva/off-24/stiga-clipper-12101012","2026-01-13T00:00:00","H:/Desaka\vsenastolnitenis\Full_13.01.2026\VseNaStolniTenisOutput.csv"
"VseNaStolniTenis","STIGA-Clipper CR","https://www.vsenastolnitenis.cz/cz/dreva/off-24/stiga-clipper-cr-12101302","2026-01-13T00:00:00","H:/Desaka\vsenastolnitenis\Full_13.01.2026\VseNaStolniTenisOutput.csv"
"VseNaStolniTenis","STIGA-Clipper Cybershape","https://www.vsenastolnitenis.cz/cz/dreva/off-24/clipper-cybershape-12102401","2026-01-13T00:00:00","H:/Desaka\vsenastolnitenis\Full_13.01.2026\VseNaStolniTenisOutput.csv"
"VseNaStolniTenis","STIGA-Clipper WRB","https://www.vsenastolnitenis.cz/cz/dreva/pro-sberatele-353/clipper-wrb-12101013","2026-01-13T00:00:00","H:/Desaka\vsenastolnitenis\Full_13.01.2026\VseNaStolniTenisOutput.csv"
"VseNaStolniTenis","STIGA-Club","https://www.vsenastolnitenis.cz/cz/textil/polokosile-38/club-12302002","2026-01-13T00:00:00","H:/Desaka\vsenastolnitenis\Full_13.01.2026\VseNaStolniTenisOutput.csv"
"VseNaStolniTenis","STIGA-Conquer","https://www.vsenastolnitenis.cz/cz/akcni-nabidka/tricka-a-polokosile-81/conquer-12301404","2026-01-13T00:00:00","H:/Desaka\vsenastolnitenis\Full_13.01.2026\VseNaStolniTenisOutput.csv"
"VseNaStolniTenis","STIGA-Creative","https://www.vsenastolnitenis.cz/cz/akcni-nabidka/tricka-a-polokosile-81/creative-12301802","2026-01-13T00:00:00","H:/Desaka\vsenastolnitenis\Full_13.01.2026\VseNaStolniTenisOutput.csv"
"VseNaStolniTenis","STIGA-Cybershape Wood","https://www.vsenastolnitenis.cz/cz/dreva/off-24/cybershape-wood-12102301","2026-01-13T00:00:00","H:/Desaka\vsenastolnitenis\Full_13.01.2026\VseNaStolniTenisOutput.csv"
"VseNaStolniTenis","STIGA-Cybershape Wood CWT","https://www.vsenastolnitenis.cz/cz/dreva/off-24/cybershape-wood-cwt-12102302","2026-01-13T00:00:00","H:/Desaka\vsenastolnitenis\Full_13.01.2026\VseNaStolniTenisOutput.csv"
"VseNaStolniTenis","STIGA-Destiny Carbon","https://www.vsenastolnitenis.cz/cz/dreva/off-24/destiny-carbon-12102509","2026-01-13T00:00:00","H:/Desaka\vsenastolnitenis\Full_13.01.2026\VseNaStolniTenisOutput.csv"
"VseNaStolniTenis","STIGA-Destiny Carbon Cybershape","https://www.vsenastolnitenis.cz/cz/dreva/off-24/destiny-carbon-cybershape-12102508","2026-01-13T00:00:00","H:/Desaka\vsenastolnitenis\Full_13.01.2026\VseNaStolniTenisOutput.csv"
"VseNaStolniTenis","STIGA-Diplom DNA","https://www.vsenastolnitenis.cz/cz/doplnky/diplomy-133/diplom-dna-12822301","2026-01-13T00:00:00","H:/Desaka\vsenastolnitenis\Full_13.01.2026\VseNaStolniTenisOutput.csv"
"VseNaStolniTenis","STIGA-Discovery Lady","https://www.vsenastolnitenis.cz/cz/textil/polokosile-38/discovery-lady-12301505","2026-01-13T00:00:00","H:/Desaka\vsenastolnitenis\Full_13.01.2026\VseNaStolniTenisOutput.csv"
"VseNaStolniTenis","STIGA-DNA Dragon Grip 55","https://www.vsenastolnitenis.cz/cz/potahy/softy-utocne-26/dna-dragon-grip-55-12002205","2026-01-13T00:00:00","H:/Desaka\vsenastolnitenis\Full_13.01.2026\VseNaStolniTenisOutput.csv"
"VseNaStolniTenis","STIGA-DNA Dragon Power 52,5","https://www.vsenastolnitenis.cz/cz/potahy/softy-utocne-26/dna-dragon-power-52-5-12002401","2026-01-13T00:00:00","H:/Desaka\vsenastolnitenis\Full_13.01.2026\VseNaStolniTenisOutput.csv"
"VseNaStolniTenis","STIGA-DNA Dragon Power 55","https://www.vsenastolnitenis.cz/cz/potahy/softy-utocne-26/dna-dragon-power-55-12002402","2026-01-13T00:00:00","H:/Desaka\vsenastolnitenis\Full_13.01.2026\VseNaStolniTenisOutput.csv"
"VseNaStolniTenis","STIGA-DNA Dragon Power 57,5","https://www.vsenastolnitenis.cz/cz/potahy/softy-utocne-26/dna-dragon-power-57-5-12002403","2026-01-13T00:00:00","H:/Desaka\vsenastolnitenis\Full_13.01.2026\VseNaStolniTenisOutput.csv"
"VseNaStolniTenis","STIGA-DNA Hybrid 55","https://www.vsenastolnitenis.cz/cz/potahy/softy-utocne-26/dna-hybrid-55-12002505","2026-01-13T00:00:00","H:/Desaka\vsenastolnitenis\Full_13.01.2026\VseNaStolniTenisOutput.csv"
"VseNaStolniTenis","STIGA-DNA Hybrid H","https://www.vsenastolnitenis.cz/cz/potahy/softy-utocne-26/dna-hybrid-h-12002305","2026-01-13T00:00:00","H:/Desaka\vsenastolnitenis\Full_13.01.2026\VseNaStolniTenisOutput.csv"
"VseNaStolniTenis","STIGA-DNA Hybrid M","https://www.vsenastolnitenis.cz/cz/potahy/softy-utocne-26/dna-hybrid-m-12002304","2026-01-13T00:00:00","H:/Desaka\vsenastolnitenis\Full_13.01.2026\VseNaStolniTenisOutput.csv"
"VseNaStolniTenis","STIGA-DNA Hybrid XH","https://www.vsenastolnitenis.cz/cz/potahy/softy-utocne-26/dna-hybrid-xh-12002306","2026-01-13T00:00:00","H:/Desaka\vsenastolnitenis\Full_13.01.2026\VseNaStolniTenisOutput.csv"
"VseNaStolniTenis","STIGA-DNA Platinum H","https://www.vsenastolnitenis.cz/cz/potahy/softy-utocne-26/dna-platinum-h-12002203","2026-01-13T00:00:00","H:/Desaka\vsenastolnitenis\Full_13.01.2026\VseNaStolniTenisOutput.csv"
"VseNaStolniTenis","STIGA-DNA Platinum M","https://www.vsenastolnitenis.cz/cz/potahy/softy-utocne-26/dna-platinum-m-12002202","2026-01-13T00:00:00","H:/Desaka\vsenastolnitenis\Full_13.01.2026\VseNaStolniTenisOutput.csv"
"VseNaStolniTenis","STIGA-DNA Platinum S","https://www.vsenastolnitenis.cz/cz/potahy/softy-utocne-26/dna-platinum-s-12002201","2026-01-13T00:00:00","H:/Desaka\vsenastolnitenis\Full_13.01.2026\VseNaStolniTenisOutput.csv"
"VseNaStolniTenis","STIGA-DNA Platinum XH","https://www.vsenastolnitenis.cz/cz/potahy/softy-utocne-26/dna-platinum-xh-12002204","2026-01-13T00:00:00","H:/Desaka\vsenastolnitenis\Full_13.01.2026\VseNaStolniTenisOutput.csv"
"VseNaStolniTenis","STIGA-Dynasty Carbon","https://www.vsenastolnitenis.cz/cz/dreva/off-25/stiga-dynasty-carbon-12101901","2026-01-13T00:00:00","H:/Desaka\vsenastolnitenis\Full_13.01.2026\VseNaStolniTenisOutput.csv"
"VseNaStolniTenis","STIGA-Dynasty Carbon Xu Xin","https://www.vsenastolnitenis.cz/cz/dreva/off-25/stiga-dynasty-carbon-xu-xin-12101902","2026-01-13T00:00:00","H:/Desaka\vsenastolnitenis\Full_13.01.2026\VseNaStolniTenisOutput.csv"
"VseNaStolniTenis","STIGA-Ebenholz NCT V","https://www.vsenastolnitenis.cz/cz/dreva/pro-sberatele-353/ebenholz-nct-v-12101041","2026-01-13T00:00:00","H:/Desaka\vsenastolnitenis\Full_13.01.2026\VseNaStolniTenisOutput.csv"
"VseNaStolniTenis","STIGA-Emerald VPS V","https://www.vsenastolnitenis.cz/cz/dreva/pro-sberatele-353/emerald-vps-v-12101401","2026-01-13T00:00:00","H:/Desaka\vsenastolnitenis\Full_13.01.2026\VseNaStolniTenisOutput.csv"
"VseNaStolniTenis","STIGA-Energy Wood V2 WRB","https://www.vsenastolnitenis.cz/cz/dreva/off-23/energy-wood-v2-wrb-12102002","2026-01-13T00:00:00","H:/Desaka\vsenastolnitenis\Full_13.01.2026\VseNaStolniTenisOutput.csv"
"VseNaStolniTenis","STIGA-Essuie","https://www.vsenastolnitenis.cz/cz/textil/rucniky-48/essuie-12392503","2026-01-13T00:00:00","H:/Desaka\vsenastolnitenis\Full_13.01.2026\VseNaStolniTenisOutput.csv"
"VseNaStolniTenis","STIGA-Eternity VPS V","https://www.vsenastolnitenis.cz/cz/dreva/pro-sberatele-353/eternity-vps-v-12101601","2026-01-13T00:00:00","H:/Desaka\vsenastolnitenis\Full_13.01.2026\VseNaStolniTenisOutput.csv"
"VseNaStolniTenis","STIGA-Expert VM","https://www.vsenastolnitenis.cz/cz/stoly/vnitrni-66/stiga-expert-vm-12801013","2026-01-13T00:00:00","H:/Desaka\vsenastolnitenis\Full_13.01.2026\VseNaStolniTenisOutput.csv"
"VseNaStolniTenis","STIGA-Extreme","https://www.vsenastolnitenis.cz/cz/palky/zavodni-nad-2-000-kc-284/extreme-12200116","2026-01-13T00:00:00","H:/Desaka\vsenastolnitenis\Full_13.01.2026\VseNaStolniTenisOutput.csv"
"VseNaStolniTenis","STIGA-Heaven","https://www.vsenastolnitenis.cz/cz/akcni-nabidka/tricka-a-polokosile-81/heaven-12301805","2026-01-13T00:00:00","H:/Desaka\vsenastolnitenis\Full_13.01.2026\VseNaStolniTenisOutput.csv"
"VseNaStolniTenis","STIGA-Heaven Lady","https://www.vsenastolnitenis.cz/cz/akcni-nabidka/tricka-a-polokosile-81/heaven-lady-12301807","2026-01-13T00:00:00","H:/Desaka\vsenastolnitenis\Full_13.01.2026\VseNaStolniTenisOutput.csv"
"VseNaStolniTenis","STIGA-Helix Platinum 55","https://www.vsenastolnitenis.cz/cz/potahy/softy-utocne-26/helix-platinum-55-12002504","2026-01-13T00:00:00","H:/Desaka\vsenastolnitenis\Full_13.01.2026\VseNaStolniTenisOutput.csv"
"VseNaStolniTenis","STIGA-Helix Platinum H","https://www.vsenastolnitenis.cz/cz/potahy/softy-utocne-26/helix-platinum-h-12002502","2026-01-13T00:00:00","H:/Desaka\vsenastolnitenis\Full_13.01.2026\VseNaStolniTenisOutput.csv"
"VseNaStolniTenis","STIGA-Helix Platinum M","https://www.vsenastolnitenis.cz/cz/potahy/softy-utocne-26/helix-platinum-m-12002501","2026-01-13T00:00:00","H:/Desaka\vsenastolnitenis\Full_13.01.2026\VseNaStolniTenisOutput.csv"
"VseNaStolniTenis","STIGA-Helix Platinum XH","https://www.vsenastolnitenis.cz/cz/potahy/softy-utocne-26/helix-platinum-xh-12002503","2026-01-13T00:00:00","H:/Desaka\vsenastolnitenis\Full_13.01.2026\VseNaStolniTenisOutput.csv"
"VseNaStolniTenis","STIGA-Horizontal 20","https://www.vsenastolnitenis.cz/cz/potahy/travy-30/stiga-horizontal-20-12001803","2026-01-13T00:00:00","H:/Desaka\vsenastolnitenis\Full_13.01.2026\VseNaStolniTenisOutput.csv"
"VseNaStolniTenis","STIGA-Horizontal 55","https://www.vsenastolnitenis.cz/cz/potahy/travy-30/stiga-horizontal-55-12001804","2026-01-13T00:00:00","H:/Desaka\vsenastolnitenis\Full_13.01.2026\VseNaStolniTenisOutput.csv"
"VseNaStolniTenis","STIGA-Infinity VPS V","https://www.vsenastolnitenis.cz/cz/dreva/off-24/infinity-vps-v-12101301","2026-01-13T00:00:00","H:/Desaka\vsenastolnitenis\Full_13.01.2026\VseNaStolniTenisOutput.csv"
"VseNaStolniTenis","STIGA-Inspira CCF","https://www.vsenastolnitenis.cz/cz/dreva/off-25/inspira-ccf-12102101","2026-01-13T00:00:00","H:/Desaka\vsenastolnitenis\Full_13.01.2026\VseNaStolniTenisOutput.csv"
"VseNaStolniTenis","STIGA-JMS Evo 1","https://www.vsenastolnitenis.cz/cz/potahy/softy-univerzalni-27/stiga-jms-evo-1-12002101-2","2026-01-13T00:00:00","H:/Desaka\vsenastolnitenis\Full_13.01.2026\VseNaStolniTenisOutput.csv"
"VseNaStolniTenis","STIGA-Koncovka nohy","https://www.vsenastolnitenis.cz/cz/stoly/nahradni-dily-136/koncovka-nohy-expert-roller-12821111","2026-01-13T00:00:00","H:/Desaka\vsenastolnitenis\Full_13.01.2026\VseNaStolniTenisOutput.csv"
"VseNaStolniTenis","STIGA-Kšiltovka Pro","https://www.vsenastolnitenis.cz/cz/textil/cepice-51/stiga-ksiltovka-12391504","2026-01-13T00:00:00","H:/Desaka\vsenastolnitenis\Full_13.01.2026\VseNaStolniTenisOutput.csv"
"VseNaStolniTenis","STIGA-Kufřík Alu Home","https://www.vsenastolnitenis.cz/cz/doplnky/pouzdra-120/stiga-kufrik-alu-home-12511905","2026-01-13T00:00:00","H:/Desaka\vsenastolnitenis\Full_13.01.2026\VseNaStolniTenisOutput.csv"
"VseNaStolniTenis","STIGA-Mantra Control","https://www.vsenastolnitenis.cz/cz/potahy/softy-utocne-26/mantra-control-12002308","2026-01-13T00:00:00","H:/Desaka\vsenastolnitenis\Full_13.01.2026\VseNaStolniTenisOutput.csv"
"VseNaStolniTenis","STIGA-Mantra H","https://www.vsenastolnitenis.cz/cz/potahy/softy-utocne-26/stiga-mantra-h-12001603","2026-01-13T00:00:00","H:/Desaka\vsenastolnitenis\Full_13.01.2026\VseNaStolniTenisOutput.csv"
"VseNaStolniTenis","STIGA-Mantra M","https://www.vsenastolnitenis.cz/cz/potahy/softy-utocne-26/stiga-mantra-m-12001602","2026-01-13T00:00:00","H:/Desaka\vsenastolnitenis\Full_13.01.2026\VseNaStolniTenisOutput.csv"
"VseNaStolniTenis","STIGA-Mantra PRO H","https://www.vsenastolnitenis.cz/cz/potahy/softy-utocne-26/mantra-pro-h-12002302","2026-01-13T00:00:00","H:/Desaka\vsenastolnitenis\Full_13.01.2026\VseNaStolniTenisOutput.csv"
"VseNaStolniTenis","STIGA-Mantra PRO M","https://www.vsenastolnitenis.cz/cz/potahy/softy-utocne-26/mantra-pro-m-12002301","2026-01-13T00:00:00","H:/Desaka\vsenastolnitenis\Full_13.01.2026\VseNaStolniTenisOutput.csv"
"VseNaStolniTenis","STIGA-Mantra PRO XH","https://www.vsenastolnitenis.cz/cz/potahy/softy-utocne-26/mantra-pro-xh-12002303","2026-01-13T00:00:00","H:/Desaka\vsenastolnitenis\Full_13.01.2026\VseNaStolniTenisOutput.csv"
"VseNaStolniTenis","STIGA-Mantra S","https://www.vsenastolnitenis.cz/cz/potahy/softy-utocne-26/stiga-mantra-s-12001601","2026-01-13T00:00:00","H:/Desaka\vsenastolnitenis\Full_13.01.2026\VseNaStolniTenisOutput.csv"
"VseNaStolniTenis","STIGA-Mantra Sound","https://www.vsenastolnitenis.cz/cz/potahy/softy-utocne-26/mantra-sound-12002307","2026-01-13T00:00:00","H:/Desaka\vsenastolnitenis\Full_13.01.2026\VseNaStolniTenisOutput.csv"
"VseNaStolniTenis","STIGA-Maplewood NCT V","https://www.vsenastolnitenis.cz/cz/dreva/pro-sberatele-353/maplewood-nct-v-12101039","2026-01-13T00:00:00","H:/Desaka\vsenastolnitenis\Full_13.01.2026\VseNaStolniTenisOutput.csv"
"VseNaStolniTenis","STIGA-Match","https://www.vsenastolnitenis.cz/cz/stoly/sitky-117/stiga-match-12811003","2026-01-13T00:00:00","H:/Desaka\vsenastolnitenis\Full_13.01.2026\VseNaStolniTenisOutput.csv"
"VseNaStolniTenis","STIGA-Match Clip","https://www.vsenastolnitenis.cz/cz/akcni-nabidka/stoly-140/match-clip-12811004","2026-01-13T00:00:00","H:/Desaka\vsenastolnitenis\Full_13.01.2026\VseNaStolniTenisOutput.csv"
"VseNaStolniTenis","STIGA-Míč Padel Elite (3 ks)","https://www.vsenastolnitenis.cz/cz/micky/na-padel-351/mic-padel-elite-3-ks-12912401","2026-01-13T00:00:00","H:/Desaka\vsenastolnitenis\Full_13.01.2026\VseNaStolniTenisOutput.csv"
"VseNaStolniTenis","STIGA-Míč Padel Elite (9 ks)","https://www.vsenastolnitenis.cz/cz/micky/na-padel-351/mic-padel-elite-9-ks-12912402","2026-01-13T00:00:00","H:/Desaka\vsenastolnitenis\Full_13.01.2026\VseNaStolniTenisOutput.csv"
"VseNaStolniTenis","STIGA-Odyssey","https://www.vsenastolnitenis.cz/cz/akcni-nabidka/tricka-a-polokosile-81/odyssey-12301606","2026-01-13T00:00:00","H:/Desaka\vsenastolnitenis\Full_13.01.2026\VseNaStolniTenisOutput.csv"
"VseNaStolniTenis","STIGA-Ohrádka","https://www.vsenastolnitenis.cz/cz/vybaveni-pro-kluby/ohradky-70/stiga-ohradka-12821901","2026-01-13T00:00:00","H:/Desaka\vsenastolnitenis\Full_13.01.2026\VseNaStolniTenisOutput.csv"
"VseNaStolniTenis","STIGA-Optimum 30","https://www.vsenastolnitenis.cz/cz/stoly/vnitrni-66/optimum-30-12801018","2026-01-13T00:00:00","H:/Desaka\vsenastolnitenis\Full_13.01.2026\VseNaStolniTenisOutput.csv"
"VseNaStolniTenis","STIGA-Pacific","https://www.vsenastolnitenis.cz/cz/akcni-nabidka/tricka-a-polokosile-81/pacific-12301703","2026-01-13T00:00:00","H:/Desaka\vsenastolnitenis\Full_13.01.2026\VseNaStolniTenisOutput.csv"
"VseNaStolniTenis","STIGA-Perform 40+ *** (100 ks)","https://www.vsenastolnitenis.cz/cz/micky/zavodni-plastove-76/stiga-perform-40-100-ks-12701704","2026-01-13T00:00:00","H:/Desaka\vsenastolnitenis\Full_13.01.2026\VseNaStolniTenisOutput.csv"
"VseNaStolniTenis","STIGA-Perform 40+ *** (3 ks)","https://www.vsenastolnitenis.cz/cz/micky/zavodni-plastove-76/stiga-perform-40-3-ks-12701702","2026-01-13T00:00:00","H:/Desaka\vsenastolnitenis\Full_13.01.2026\VseNaStolniTenisOutput.csv"
"VseNaStolniTenis","STIGA-Perform 40+ *** (6 ks)","https://www.vsenastolnitenis.cz/cz/micky/zavodni-plastove-76/perform-40-6-ks-12702502","2026-01-13T00:00:00","H:/Desaka\vsenastolnitenis\Full_13.01.2026\VseNaStolniTenisOutput.csv"
"VseNaStolniTenis","STIGA-Perform 40+ *** (72 ks)","https://www.vsenastolnitenis.cz/cz/micky/zavodni-plastove-76/stiga-perform-40-72-ks-12701703","2026-01-13T00:00:00","H:/Desaka\vsenastolnitenis\Full_13.01.2026\VseNaStolniTenisOutput.csv"
"VseNaStolniTenis","STIGA-Perform PREMIUM 40+ *** (6 ks)","https://www.vsenastolnitenis.cz/cz/micky/zavodni-plastove-76/perform-premium-40-6-ks-12702503","2026-01-13T00:00:00","H:/Desaka\vsenastolnitenis\Full_13.01.2026\VseNaStolniTenisOutput.csv"
"VseNaStolniTenis","STIGA-Perform PREMIUM 40+ *** (72 ks)","https://www.vsenastolnitenis.cz/cz/micky/zavodni-plastove-76/perform-premium-40-72-ks-12702504","2026-01-13T00:00:00","H:/Desaka\vsenastolnitenis\Full_13.01.2026\VseNaStolniTenisOutput.csv"
"VseNaStolniTenis","STIGA-Potítko (2 ks)","https://www.vsenastolnitenis.cz/cz/textil/potitka-49/stiga-potitko-line-12391207","2026-01-13T00:00:00","H:/Desaka\vsenastolnitenis\Full_13.01.2026\VseNaStolniTenisOutput.csv"
"VseNaStolniTenis","STIGA-Pouzdro Cybercase","https://www.vsenastolnitenis.cz/cz/doplnky/pouzdra-120/pouzdro-cybercase-12512401","2026-01-13T00:00:00","H:/Desaka\vsenastolnitenis\Full_13.01.2026\VseNaStolniTenisOutput.csv"
"VseNaStolniTenis","STIGA-Pouzdro Eco Rival (na 1)","https://www.vsenastolnitenis.cz/cz/doplnky/pouzdra-120/pouzdro-eco-rival-na-1-12512501","2026-01-13T00:00:00","H:/Desaka\vsenastolnitenis\Full_13.01.2026\VseNaStolniTenisOutput.csv"
"VseNaStolniTenis","STIGA-Pouzdro Eco Rival (na 2)","https://www.vsenastolnitenis.cz/cz/doplnky/pouzdra-120/pouzdro-eco-rival-na-2-12512502","2026-01-13T00:00:00","H:/Desaka\vsenastolnitenis\Full_13.01.2026\VseNaStolniTenisOutput.csv"
"VseNaStolniTenis","STIGA-Premium Clip","https://www.vsenastolnitenis.cz/cz/stoly/sitky-117/stiga-premium-clip-12811007","2026-01-13T00:00:00","H:/Desaka\vsenastolnitenis\Full_13.01.2026\VseNaStolniTenisOutput.csv"
"VseNaStolniTenis","STIGA-Primus 4.0","https://www.vsenastolnitenis.cz/cz/stoly/sitky-117/primus-4-0-12812201","2026-01-13T00:00:00","H:/Desaka\vsenastolnitenis\Full_13.01.2026\VseNaStolniTenisOutput.csv"
"VseNaStolniTenis","STIGA-Pro Clip","https://www.vsenastolnitenis.cz/cz/stoly/sitky-117/stiga-pro-clip-12811006","2026-01-13T00:00:00","H:/Desaka\vsenastolnitenis\Full_13.01.2026\VseNaStolniTenisOutput.csv"
"VseNaStolniTenis","STIGA-Pure","https://www.vsenastolnitenis.cz/cz/dreva/off-24/pure-12102404","2026-01-13T00:00:00","H:/Desaka\vsenastolnitenis\Full_13.01.2026\VseNaStolniTenisOutput.csv"
"VseNaStolniTenis","STIGA-Pure CWT","https://www.vsenastolnitenis.cz/cz/dreva/off-24/pure-cwt-12102501","2026-01-13T00:00:00","H:/Desaka\vsenastolnitenis\Full_13.01.2026\VseNaStolniTenisOutput.csv"
"VseNaStolniTenis","STIGA-Pure Cybershape","https://www.vsenastolnitenis.cz/cz/dreva/off-24/pure-cybershape-12102405","2026-01-13T00:00:00","H:/Desaka\vsenastolnitenis\Full_13.01.2026\VseNaStolniTenisOutput.csv"
"VseNaStolniTenis","STIGA-Raketa Padel ACT","https://www.vsenastolnitenis.cz/cz/palky/padelove-rakety-352/raketa-padel-act-12902401","2026-01-13T00:00:00","H:/Desaka\vsenastolnitenis\Full_13.01.2026\VseNaStolniTenisOutput.csv"
"VseNaStolniTenis","STIGA-Raketa Padel ARC 2","https://www.vsenastolnitenis.cz/cz/palky/padelove-rakety-352/raketa-padel-arc-2-12902403","2026-01-13T00:00:00","H:/Desaka\vsenastolnitenis\Full_13.01.2026\VseNaStolniTenisOutput.csv"
"VseNaStolniTenis","STIGA-RevTech Tube","https://www.vsenastolnitenis.cz/cz/akcni-nabidka/palky-106/stiga-revtech-tube-12200121","2026-01-13T00:00:00","H:/Desaka\vsenastolnitenis\Full_13.01.2026\VseNaStolniTenisOutput.csv"
"VseNaStolniTenis","STIGA-River","https://www.vsenastolnitenis.cz/cz/textil/polokosile-38/stiga-river-12301707","2026-01-13T00:00:00","H:/Desaka\vsenastolnitenis\Full_13.01.2026\VseNaStolniTenisOutput.csv"
"VseNaStolniTenis","STIGA-Saturn","https://www.vsenastolnitenis.cz/cz/textil/polokosile-38/saturn-12302401","2026-01-13T00:00:00","H:/Desaka\vsenastolnitenis\Full_13.01.2026\VseNaStolniTenisOutput.csv"
"VseNaStolniTenis","STIGA-Sběrač Collect","https://www.vsenastolnitenis.cz/cz/vybaveni-pro-kluby/ostatni-73/sberac-collect-12822501","2026-01-13T00:00:00","H:/Desaka\vsenastolnitenis\Full_13.01.2026\VseNaStolniTenisOutput.csv"
"VseNaStolniTenis","STIGA-Seasons","https://www.vsenastolnitenis.cz/cz/palky/venkovni-32/seasons-12202501","2026-01-13T00:00:00","H:/Desaka\vsenastolnitenis\Full_13.01.2026\VseNaStolniTenisOutput.csv"
"VseNaStolniTenis","STIGA-Síťovina Premium","https://www.vsenastolnitenis.cz/cz/stoly/sitoviny-a-merky-138/stiga-sitovina-12811009","2026-01-13T00:00:00","H:/Desaka\vsenastolnitenis\Full_13.01.2026\VseNaStolniTenisOutput.csv"
"VseNaStolniTenis","STIGA-Symmetry","https://www.vsenastolnitenis.cz/cz/potahy/sendvice-31/stiga-symmetry-12001901","2026-01-13T00:00:00","H:/Desaka\vsenastolnitenis\Full_13.01.2026\VseNaStolniTenisOutput.csv"
"VseNaStolniTenis","STIGA-Šortky Jupiter","https://www.vsenastolnitenis.cz/cz/textil/sortky-40/sortky-jupiter-12322401","2026-01-13T00:00:00","H:/Desaka\vsenastolnitenis\Full_13.01.2026\VseNaStolniTenisOutput.csv"
"VseNaStolniTenis","STIGA-Šortky Pro","https://www.vsenastolnitenis.cz/cz/textil/sortky-40/sortky-pro-12322201","2026-01-13T00:00:00","H:/Desaka\vsenastolnitenis\Full_13.01.2026\VseNaStolniTenisOutput.csv"
"VseNaStolniTenis","STIGA-Šortky Unit","https://www.vsenastolnitenis.cz/cz/akcni-nabidka/sortky-139/sortky-unit-12322102","2026-01-13T00:00:00","H:/Desaka\vsenastolnitenis\Full_13.01.2026\VseNaStolniTenisOutput.csv"
"VseNaStolniTenis","STIGA-Taška Padel Court 2","https://www.vsenastolnitenis.cz/cz/doplnky/tasky-118/taska-padel-court-2-12952501","2026-01-13T00:00:00","H:/Desaka\vsenastolnitenis\Full_13.01.2026\VseNaStolniTenisOutput.csv"
"VseNaStolniTenis","STIGA-Team","https://www.vsenastolnitenis.cz/cz/textil/polokosile-38/team-12302203","2026-01-13T00:00:00","H:/Desaka\vsenastolnitenis\Full_13.01.2026\VseNaStolniTenisOutput.csv"
"VseNaStolniTenis","STIGA-Titanium 5.4 WRB","https://www.vsenastolnitenis.cz/cz/dreva/off-24/stiga-titanium-5-4-12101033","2026-01-13T00:00:00","H:/Desaka\vsenastolnitenis\Full_13.01.2026\VseNaStolniTenisOutput.csv"
"VseNaStolniTenis","STIGA-Training 40+ (100 ks)","https://www.vsenastolnitenis.cz/cz/micky/treninkove-plastove-77/stiga-training-abs-40-100-ks-12701701","2026-01-13T00:00:00","H:/Desaka\vsenastolnitenis\Full_13.01.2026\VseNaStolniTenisOutput.csv"
"VseNaStolniTenis","STIGA-Training 40+ (12 ks)","https://www.vsenastolnitenis.cz/cz/micky/treninkove-plastove-77/training-40-12-ks-12702501","2026-01-13T00:00:00","H:/Desaka\vsenastolnitenis\Full_13.01.2026\VseNaStolniTenisOutput.csv"
"VseNaStolniTenis","STIGA-Vertical 20","https://www.vsenastolnitenis.cz/cz/potahy/travy-30/stiga-vertical-20-12001801","2026-01-13T00:00:00","H:/Desaka\vsenastolnitenis\Full_13.01.2026\VseNaStolniTenisOutput.csv"
"VseNaStolniTenis","STIGA-Vertical 55","https://www.vsenastolnitenis.cz/cz/potahy/travy-30/stiga-vertical-55-12001802","2026-01-13T00:00:00","H:/Desaka\vsenastolnitenis\Full_13.01.2026\VseNaStolniTenisOutput.csv"
"VseNaStolniTenis","STIGA-Voyage","https://www.vsenastolnitenis.cz/cz/akcni-nabidka/tricka-a-polokosile-81/voyage-12301601","2026-01-13T00:00:00","H:/Desaka\vsenastolnitenis\Full_13.01.2026\VseNaStolniTenisOutput.csv"
"VseNaStolniTenis","STIGA-Wavy Ultra Fiber","https://www.vsenastolnitenis.cz/cz/dreva/off-25/wavy-ultra-fiber-12102503","2026-01-13T00:00:00","H:/Desaka\vsenastolnitenis\Full_13.01.2026\VseNaStolniTenisOutput.csv"
"VseNaStolniTenis","STIGA-Wavy Ultra Fiber Cybershape","https://www.vsenastolnitenis.cz/cz/dreva/off-25/wavy-ultra-fiber-cybershape-12102502","2026-01-13T00:00:00","H:/Desaka\vsenastolnitenis\Full_13.01.2026\VseNaStolniTenisOutput.csv"
"VseNaStolniTenis","SUNFLEX-Ma Yat Sum","https://www.vsenastolnitenis.cz/cz/palky/rekreacni-do-1-000-kc-281/ma-yat-sum-49202103","2026-01-13T00:00:00","H:/Desaka\vsenastolnitenis\Full_13.01.2026\VseNaStolniTenisOutput.csv"
"VseNaStolniTenis","SUNFLEX-Team Hong Kong","https://www.vsenastolnitenis.cz/cz/palky/rekreacni-do-500-kc-280/team-hong-kong-49202102","2026-01-13T00:00:00","H:/Desaka\vsenastolnitenis\Full_13.01.2026\VseNaStolniTenisOutput.csv"
"VseNaStolniTenis","SUNFLEX-Yiu Kwan To","https://www.vsenastolnitenis.cz/cz/palky/rekreacni-do-1-000-kc-281/yiu-kwan-to-49202104","2026-01-13T00:00:00","H:/Desaka\vsenastolnitenis\Full_13.01.2026\VseNaStolniTenisOutput.csv"
"VseNaStolniTenis","SUNFLEX-Zircon","https://www.vsenastolnitenis.cz/cz/palky/venkovni-32/zircon-49202106","2026-01-13T00:00:00","H:/Desaka\vsenastolnitenis\Full_13.01.2026\VseNaStolniTenisOutput.csv"
"VseNaStolniTenis","SWEEDEX-Tuning Booster","https://www.vsenastolnitenis.cz/cz/doplnky/nase-sluzby-134/booster-37601501","2026-01-13T00:00:00","H:/Desaka\vsenastolnitenis\Full_13.01.2026\VseNaStolniTenisOutput.csv"
"VseNaStolniTenis","Tibhar-40+ SL *** (3ks)","https://www.vsenastolnitenis.cz/cz/micky/zavodni-plastove-76/tibhar-micky-40-sl-3ks-25701601","2026-01-13T00:00:00","H:/Desaka\vsenastolnitenis\Full_13.01.2026\VseNaStolniTenisOutput.csv"
"VseNaStolniTenis","Tibhar-40+ SL *** (72ks)","https://www.vsenastolnitenis.cz/cz/micky/zavodni-plastove-76/tibhar-micky-40-sl-72ks-25701602","2026-01-13T00:00:00","H:/Desaka\vsenastolnitenis\Full_13.01.2026\VseNaStolniTenisOutput.csv"
"VseNaStolniTenis","Tibhar-40+ SYNTT NG *** (3 ks)","https://www.vsenastolnitenis.cz/cz/micky/zavodni-plastove-76/tibhar-40-syntt-ng-6-ks-25701703","2026-01-13T00:00:00","H:/Desaka\vsenastolnitenis\Full_13.01.2026\VseNaStolniTenisOutput.csv"
"VseNaStolniTenis","Tibhar-40+ SYNTT NG *** (72 ks)","https://www.vsenastolnitenis.cz/cz/micky/zavodni-plastove-76/tibhar-40-syntt-ng-72-ks-25701702","2026-01-13T00:00:00","H:/Desaka\vsenastolnitenis\Full_13.01.2026\VseNaStolniTenisOutput.csv"
"VseNaStolniTenis","Tibhar-5Q Power Update","https://www.vsenastolnitenis.cz/cz/potahy/softy-utocne-26/tibhar-5q-power-update-25001402","2026-01-13T00:00:00","H:/Desaka\vsenastolnitenis\Full_13.01.2026\VseNaStolniTenisOutput.csv"
"VseNaStolniTenis","Tibhar-Aurus","https://www.vsenastolnitenis.cz/cz/potahy/softy-utocne-26/tibhar-aurus-25001203","2026-01-13T00:00:00","H:/Desaka\vsenastolnitenis\Full_13.01.2026\VseNaStolniTenisOutput.csv"
"VseNaStolniTenis","Tibhar-Aurus Prime","https://www.vsenastolnitenis.cz/cz/potahy/softy-utocne-26/tibhar-aurus-prime-25001701","2026-01-13T00:00:00","H:/Desaka\vsenastolnitenis\Full_13.01.2026\VseNaStolniTenisOutput.csv"
"VseNaStolniTenis","Tibhar-Aurus Select","https://www.vsenastolnitenis.cz/cz/potahy/softy-utocne-26/tibhar-aurus-select-25001702","2026-01-13T00:00:00","H:/Desaka\vsenastolnitenis\Full_13.01.2026\VseNaStolniTenisOutput.csv"
"VseNaStolniTenis","Tibhar-Aurus Soft","https://www.vsenastolnitenis.cz/cz/potahy/softy-utocne-26/tibhar-aurus-soft-25001204","2026-01-13T00:00:00","H:/Desaka\vsenastolnitenis\Full_13.01.2026\VseNaStolniTenisOutput.csv"
"VseNaStolniTenis","Tibhar-Grass D. Tecs","https://www.vsenastolnitenis.cz/cz/potahy/travy-30/tibhar-grass-d-tecs-25001223","2026-01-13T00:00:00","H:/Desaka\vsenastolnitenis\Full_13.01.2026\VseNaStolniTenisOutput.csv"
"VseNaStolniTenis","Tibhar-Grass D. Tecs GS","https://www.vsenastolnitenis.cz/cz/potahy/travy-30/grass-d-tecs-gs-25002101","2026-01-13T00:00:00","H:/Desaka\vsenastolnitenis\Full_13.01.2026\VseNaStolniTenisOutput.csv"
"VseNaStolniTenis","Tibhar-Hybrid K1 EU","https://www.vsenastolnitenis.cz/cz/potahy/softy-utocne-26/hybrid-k1-eu-25002202","2026-01-13T00:00:00","H:/Desaka\vsenastolnitenis\Full_13.01.2026\VseNaStolniTenisOutput.csv"
"VseNaStolniTenis","Tibhar-Hybrid K3","https://www.vsenastolnitenis.cz/cz/potahy/softy-utocne-26/hybrid-k3-25002201","2026-01-13T00:00:00","H:/Desaka\vsenastolnitenis\Full_13.01.2026\VseNaStolniTenisOutput.csv"
"VseNaStolniTenis","Tibhar-Hybrid K3 FX","https://www.vsenastolnitenis.cz/cz/potahy/softy-utocne-26/hybrid-k3-fx-25002501","2026-01-13T00:00:00","H:/Desaka\vsenastolnitenis\Full_13.01.2026\VseNaStolniTenisOutput.csv"
"VseNaStolniTenis","Tibhar-Hybrid K3 Pro","https://www.vsenastolnitenis.cz/cz/potahy/softy-utocne-26/hybrid-k3-pro-25002502","2026-01-13T00:00:00","H:/Desaka\vsenastolnitenis\Full_13.01.2026\VseNaStolniTenisOutput.csv"
"VseNaStolniTenis","Tibhar-Hybrid MK","https://www.vsenastolnitenis.cz/cz/potahy/softy-utocne-26/hybrid-mk-25002401","2026-01-13T00:00:00","H:/Desaka\vsenastolnitenis\Full_13.01.2026\VseNaStolniTenisOutput.csv"
"VseNaStolniTenis","Tibhar-Hybrid MK FX","https://www.vsenastolnitenis.cz/cz/potahy/softy-utocne-26/hybrid-mk-fx-25002403","2026-01-13T00:00:00","H:/Desaka\vsenastolnitenis\Full_13.01.2026\VseNaStolniTenisOutput.csv"
"VseNaStolniTenis","Tibhar-Hybrid MK Pro","https://www.vsenastolnitenis.cz/cz/potahy/softy-utocne-26/hybrid-mk-pro-25002402","2026-01-13T00:00:00","H:/Desaka\vsenastolnitenis\Full_13.01.2026\VseNaStolniTenisOutput.csv"
"VseNaStolniTenis","Tibhar-Nimbus","https://www.vsenastolnitenis.cz/cz/potahy/softy-utocne-26/tibhar-nimbus-25001206","2026-01-13T00:00:00","H:/Desaka\vsenastolnitenis\Full_13.01.2026\VseNaStolniTenisOutput.csv"
"VseNaStolniTenis","Tibhar-Nimbus Delta V","https://www.vsenastolnitenis.cz/cz/potahy/softy-utocne-26/tibhar-nimbus-delta-v-25001504","2026-01-13T00:00:00","H:/Desaka\vsenastolnitenis\Full_13.01.2026\VseNaStolniTenisOutput.csv"
"VseNaStolniTenis","Tibhar-Nimbus Sound","https://www.vsenastolnitenis.cz/cz/potahy/softy-utocne-26/tibhar-nimbus-sound-25001209","2026-01-13T00:00:00","H:/Desaka\vsenastolnitenis\Full_13.01.2026\VseNaStolniTenisOutput.csv"
"VseNaStolniTenis","Tibhar-Quantum","https://www.vsenastolnitenis.cz/cz/potahy/softy-utocne-26/tibhar-quantum-25001505","2026-01-13T00:00:00","H:/Desaka\vsenastolnitenis\Full_13.01.2026\VseNaStolniTenisOutput.csv"
"VseNaStolniTenis","Tibhar-Quantum X Pro","https://www.vsenastolnitenis.cz/cz/potahy/softy-utocne-26/quantum-x-pro-25002001","2026-01-13T00:00:00","H:/Desaka\vsenastolnitenis\Full_13.01.2026\VseNaStolniTenisOutput.csv"
"VseNaStolniTenis","Tibhar-Quantum X Pro Soft","https://www.vsenastolnitenis.cz/cz/potahy/softy-utocne-26/quantum-x-pro-soft-25002003","2026-01-13T00:00:00","H:/Desaka\vsenastolnitenis\Full_13.01.2026\VseNaStolniTenisOutput.csv"
"VseNaStolniTenis","Tibhar-Sinus","https://www.vsenastolnitenis.cz/cz/potahy/softy-utocne-26/tibhar-sinus-25001235","2026-01-13T00:00:00","H:/Desaka\vsenastolnitenis\Full_13.01.2026\VseNaStolniTenisOutput.csv"
"VseNaStolniTenis","Tibhar-Sinus Alpha","https://www.vsenastolnitenis.cz/cz/potahy/softy-utocne-26/tibhar-sinus-alpha-25001236","2026-01-13T00:00:00","H:/Desaka\vsenastolnitenis\Full_13.01.2026\VseNaStolniTenisOutput.csv"
"VseNaStolniTenis","Tibhar-Sinus Sound","https://www.vsenastolnitenis.cz/cz/potahy/softy-utocne-26/tibhar-sinus-sound-25001205","2026-01-13T00:00:00","H:/Desaka\vsenastolnitenis\Full_13.01.2026\VseNaStolniTenisOutput.csv"
"VseNaStolniTenis","Tibhar-Speedy Soft D.Tecs XD","https://www.vsenastolnitenis.cz/cz/potahy/sendvice-31/speedy-soft-d-tecs-xd-25001221","2026-01-13T00:00:00","H:/Desaka\vsenastolnitenis\Full_13.01.2026\VseNaStolniTenisOutput.csv"
"VseNaStolniTenis","Tibhar-Speedy Soft XD","https://www.vsenastolnitenis.cz/cz/potahy/sendvice-31/speedy-soft-xd-25001220","2026-01-13T00:00:00","H:/Desaka\vsenastolnitenis\Full_13.01.2026\VseNaStolniTenisOutput.csv"
"VseNaStolniTenis","Tibhar-Super Defense 40","https://www.vsenastolnitenis.cz/cz/potahy/softy-obranne-28/tibhar-super-defense-40-25001218","2026-01-13T00:00:00","H:/Desaka\vsenastolnitenis\Full_13.01.2026\VseNaStolniTenisOutput.csv"
"VseNaStolniTenis","Tibhar-Super Defense 40 Soft","https://www.vsenastolnitenis.cz/cz/potahy/softy-obranne-28/tibhar-super-defense-40-soft-25001219","2026-01-13T00:00:00","H:/Desaka\vsenastolnitenis\Full_13.01.2026\VseNaStolniTenisOutput.csv"
"VseNaStolniTenis","Victas-Benedikt Duda AFC","https://www.vsenastolnitenis.cz/cz/dreva/off-24/benedikt-duda-afc-30102501","2026-01-13T00:00:00","H:/Desaka\vsenastolnitenis\Full_13.01.2026\VseNaStolniTenisOutput.csv"
"VseNaStolniTenis","Victas-Curl P1V","https://www.vsenastolnitenis.cz/cz/potahy/travy-30/curl-p1v-30002101","2026-01-13T00:00:00","H:/Desaka\vsenastolnitenis\Full_13.01.2026\VseNaStolniTenisOutput.csv"
"VseNaStolniTenis","Victas-Curl P2V","https://www.vsenastolnitenis.cz/cz/potahy/travy-30/curl-p2v-30002102","2026-01-13T00:00:00","H:/Desaka\vsenastolnitenis\Full_13.01.2026\VseNaStolniTenisOutput.csv"
"VseNaStolniTenis","Victas-Curl P3aV","https://www.vsenastolnitenis.cz/cz/potahy/travy-30/curl-p3av-30002104","2026-01-13T00:00:00","H:/Desaka\vsenastolnitenis\Full_13.01.2026\VseNaStolniTenisOutput.csv"
"VseNaStolniTenis","Victas-Curl P3V","https://www.vsenastolnitenis.cz/cz/potahy/travy-30/curl-p3v-30002103","2026-01-13T00:00:00","H:/Desaka\vsenastolnitenis\Full_13.01.2026\VseNaStolniTenisOutput.csv"
"VseNaStolniTenis","Victas-Curl P5V","https://www.vsenastolnitenis.cz/cz/potahy/travy-30/curl-p5v-30002106","2026-01-13T00:00:00","H:/Desaka\vsenastolnitenis\Full_13.01.2026\VseNaStolniTenisOutput.csv"
"VseNaStolniTenis","Victas-Koji Matsushita","https://www.vsenastolnitenis.cz/cz/dreva/def-19/koji-matsushita-30102502","2026-01-13T00:00:00","H:/Desaka\vsenastolnitenis\Full_13.01.2026\VseNaStolniTenisOutput.csv"
"VseNaStolniTenis","Victas-Triple Double Extra","https://www.vsenastolnitenis.cz/cz/potahy/softy-utocne-26/triple-double-extra-30002305","2026-01-13T00:00:00","H:/Desaka\vsenastolnitenis\Full_13.01.2026\VseNaStolniTenisOutput.csv"
"VseNaStolniTenis","Victas-V > 01","https://www.vsenastolnitenis.cz/cz/potahy/softy-utocne-26/victas-v-01-30001301","2026-01-13T00:00:00","H:/Desaka\vsenastolnitenis\Full_13.01.2026\VseNaStolniTenisOutput.csv"
"VseNaStolniTenis","Victas-V > 01 Limber","https://www.vsenastolnitenis.cz/cz/potahy/softy-utocne-26/victas-v-01-limber-30001302","2026-01-13T00:00:00","H:/Desaka\vsenastolnitenis\Full_13.01.2026\VseNaStolniTenisOutput.csv"
"VseNaStolniTenis","Victas-V > 01 Stiff","https://www.vsenastolnitenis.cz/cz/potahy/softy-utocne-26/victas-v-01-stiff-30001303","2026-01-13T00:00:00","H:/Desaka\vsenastolnitenis\Full_13.01.2026\VseNaStolniTenisOutput.csv"
"VseNaStolniTenis","Victas-V > 03","https://www.vsenastolnitenis.cz/cz/potahy/softy-utocne-26/v-03-30002401","2026-01-13T00:00:00","H:/Desaka\vsenastolnitenis\Full_13.01.2026\VseNaStolniTenisOutput.csv"
"VseNaStolniTenis","Victas-V > 11 Extra","https://www.vsenastolnitenis.cz/cz/potahy/softy-utocne-26/v-11-extra-30002001","2026-01-13T00:00:00","H:/Desaka\vsenastolnitenis\Full_13.01.2026\VseNaStolniTenisOutput.csv"
"VseNaStolniTenis","Victas-V > 15 Limber","https://www.vsenastolnitenis.cz/cz/potahy/softy-utocne-26/victas-v-15-limber-30001502","2026-01-13T00:00:00","H:/Desaka\vsenastolnitenis\Full_13.01.2026\VseNaStolniTenisOutput.csv"
"VseNaStolniTenis","Victas-V > 15 Sticky","https://www.vsenastolnitenis.cz/cz/potahy/softy-utocne-26/v-15-sticky-30002501","2026-01-13T00:00:00","H:/Desaka\vsenastolnitenis\Full_13.01.2026\VseNaStolniTenisOutput.csv"
"VseNaStolniTenis","Victas-V > 15 Sticky Soft","https://www.vsenastolnitenis.cz/cz/potahy/softy-utocne-26/v-15-sticky-soft-30002502","2026-01-13T00:00:00","H:/Desaka\vsenastolnitenis\Full_13.01.2026\VseNaStolniTenisOutput.csv"
"VseNaStolniTenis","Victas-V > 15 Stiff","https://www.vsenastolnitenis.cz/cz/potahy/softy-utocne-26/victas-v-15-stiff-30001801","2026-01-13T00:00:00","H:/Desaka\vsenastolnitenis\Full_13.01.2026\VseNaStolniTenisOutput.csv"
"VseNaStolniTenis","Victas-V > 20 Double Extra","https://www.vsenastolnitenis.cz/cz/potahy/softy-utocne-26/v-20-double-extra-30002303","2026-01-13T00:00:00","H:/Desaka\vsenastolnitenis\Full_13.01.2026\VseNaStolniTenisOutput.csv"
"VseNaStolniTenis","Victas-V > 22 Double Extra","https://www.vsenastolnitenis.cz/cz/potahy/softy-utocne-26/v-22-double-extra-30002304","2026-01-13T00:00:00","H:/Desaka\vsenastolnitenis\Full_13.01.2026\VseNaStolniTenisOutput.csv"
"VseNaStolniTenis","Victas-V >15 Extra","https://www.vsenastolnitenis.cz/cz/potahy/softy-utocne-26/victas-v-15-extra-30001501","2026-01-13T00:00:00","H:/Desaka\vsenastolnitenis\Full_13.01.2026\VseNaStolniTenisOutput.csv"
"VseNaStolniTenis","Victas-Ventus Extra","https://www.vsenastolnitenis.cz/cz/potahy/softy-utocne-26/ventus-extra-30002301","2026-01-13T00:00:00","H:/Desaka\vsenastolnitenis\Full_13.01.2026\VseNaStolniTenisOutput.csv"
"VseNaStolniTenis","Victas-Ventus Limber","https://www.vsenastolnitenis.cz/cz/potahy/softy-utocne-26/victas-vlb-301-30001307","2026-01-13T00:00:00","H:/Desaka\vsenastolnitenis\Full_13.01.2026\VseNaStolniTenisOutput.csv"
"VseNaStolniTenis","Victas-VJ > 07 Limber","https://www.vsenastolnitenis.cz/cz/potahy/softy-utocne-26/victas-victas-vj-07-limber-30001904","2026-01-13T00:00:00","H:/Desaka\vsenastolnitenis\Full_13.01.2026\VseNaStolniTenisOutput.csv"
"VseNaStolniTenis","Victas-VJ > 07 Regular","https://www.vsenastolnitenis.cz/cz/potahy/softy-utocne-26/victas-victas-vj-07-regular-30001903","2026-01-13T00:00:00","H:/Desaka\vsenastolnitenis\Full_13.01.2026\VseNaStolniTenisOutput.csv"
"VseNaStolniTenis","Victas-VJ > 07 Stiff","https://www.vsenastolnitenis.cz/cz/potahy/softy-utocne-26/victas-victas-vj-07-stiff-30001905","2026-01-13T00:00:00","H:/Desaka\vsenastolnitenis\Full_13.01.2026\VseNaStolniTenisOutput.csv"
"VseNaStolniTenis","Victas-VJC > 07 Sticky Extra","https://www.vsenastolnitenis.cz/cz/potahy/softy-utocne-26/victas-victas-vjc-07-sticky-extra-30001902","2026-01-13T00:00:00","H:/Desaka\vsenastolnitenis\Full_13.01.2026\VseNaStolniTenisOutput.csv"
"VseNaStolniTenis","Victas-VO > 102","https://www.vsenastolnitenis.cz/cz/potahy/sendvice-31/victas-vo-102-30001306","2026-01-13T00:00:00","H:/Desaka\vsenastolnitenis\Full_13.01.2026\VseNaStolniTenisOutput.csv"
"VseNaStolniTenis","Victas-VO > 103","https://www.vsenastolnitenis.cz/cz/potahy/sendvice-31/victas-vo-103-30001901","2026-01-13T00:00:00","H:/Desaka\vsenastolnitenis\Full_13.01.2026\VseNaStolniTenisOutput.csv"
"VseNaStolniTenis","Victas-VP *** 40+ (12 ks)","https://www.vsenastolnitenis.cz/cz/micky/zavodni-plastove-76/vp-40-12-ks-30702202","2026-01-13T00:00:00","H:/Desaka\vsenastolnitenis\Full_13.01.2026\VseNaStolniTenisOutput.csv"
"VseNaStolniTenis","Victas-VP *** 40+ (60 ks)","https://www.vsenastolnitenis.cz/cz/micky/zavodni-plastove-76/vp-40-60-ks-30702201","2026-01-13T00:00:00","H:/Desaka\vsenastolnitenis\Full_13.01.2026\VseNaStolniTenisOutput.csv"
"VseNaStolniTenis","Victas-VS > 401","https://www.vsenastolnitenis.cz/cz/potahy/softy-utocne-26/victas-vs-401-30001304","2026-01-13T00:00:00","H:/Desaka\vsenastolnitenis\Full_13.01.2026\VseNaStolniTenisOutput.csv"
"VseNaStolniTenis","Victas-VS > 402 Double Extra","https://www.vsenastolnitenis.cz/cz/potahy/softy-utocne-26/victas-vs-402-double-extra-30001503","2026-01-13T00:00:00","H:/Desaka\vsenastolnitenis\Full_13.01.2026\VseNaStolniTenisOutput.csv"
"VseNaStolniTenis","Victas-VS > 402 Limber","https://www.vsenastolnitenis.cz/cz/potahy/softy-utocne-26/victas-vs-402-limber-30001504","2026-01-13T00:00:00","H:/Desaka\vsenastolnitenis\Full_13.01.2026\VseNaStolniTenisOutput.csv"
"VseNaStolniTenis","vše na stolní tenis-21 topspinů Milana Orlowského","https://www.vsenastolnitenis.cz/cz/doplnky/dvd-a-knihy-356/21-topspinu-milana-orlowskeho-11902401","2026-01-13T00:00:00","H:/Desaka\vsenastolnitenis\Full_13.01.2026\VseNaStolniTenisOutput.csv"
"VseNaStolniTenis","vše na stolní tenis-Boční držák pálek","https://www.vsenastolnitenis.cz/cz/stoly/nahradni-dily-136/bocni-drzak-palek-11822301","2026-01-13T00:00:00","H:/Desaka\vsenastolnitenis\Full_13.01.2026\VseNaStolniTenisOutput.csv"
"VseNaStolniTenis","vše na stolní tenis-Junior","https://www.vsenastolnitenis.cz/cz/dreva/all-21/junior-11101801","2026-01-13T00:00:00","H:/Desaka\vsenastolnitenis\Full_13.01.2026\VseNaStolniTenisOutput.csv"
"VseNaStolniTenis","vše na stolní tenis-Lakování prkna","https://www.vsenastolnitenis.cz/cz/doplnky/nase-sluzby-134/lakovani-prkna-11901902","2026-01-13T00:00:00","H:/Desaka\vsenastolnitenis\Full_13.01.2026\VseNaStolniTenisOutput.csv"
"VseNaStolniTenis","vše na stolní tenis-Lepení potahů","https://www.vsenastolnitenis.cz/cz/doplnky/nase-sluzby-134/lepeni-potahu-11901901","2026-01-13T00:00:00","H:/Desaka\vsenastolnitenis\Full_13.01.2026\VseNaStolniTenisOutput.csv"
"VseNaStolniTenis","vše na stolní tenis-Mini stůl MT005","https://www.vsenastolnitenis.cz/cz/stoly/mensich-rozmeru-68/mini-stul-mt005-11822505","2026-01-13T00:00:00","H:/Desaka\vsenastolnitenis\Full_13.01.2026\VseNaStolniTenisOutput.csv"
"VseNaStolniTenis","vše na stolní tenis-Mini sůl TT0089","https://www.vsenastolnitenis.cz/cz/stoly/mensich-rozmeru-68/mini-sul-tt0089-11822503","2026-01-13T00:00:00","H:/Desaka\vsenastolnitenis\Full_13.01.2026\VseNaStolniTenisOutput.csv"
"VseNaStolniTenis","vše na stolní tenis-Montáž stolu","https://www.vsenastolnitenis.cz/cz/stoly/vnitrni-66/montaz-stolu-11821602","2026-01-13T00:00:00","H:/Desaka\vsenastolnitenis\Full_13.01.2026\VseNaStolniTenisOutput.csv"
"VseNaStolniTenis","vše na stolní tenis-Odrážecí deska","https://www.vsenastolnitenis.cz/cz/vybaveni-pro-kluby/ostatni-73/odrazeci-deska-11822401","2026-01-13T00:00:00","H:/Desaka\vsenastolnitenis\Full_13.01.2026\VseNaStolniTenisOutput.csv"
"VseNaStolniTenis","vše na stolní tenis-Oprava robotu","https://www.vsenastolnitenis.cz/cz/doplnky/nase-sluzby-134/oprava-robotu-11751101","2026-01-13T00:00:00","H:/Desaka\vsenastolnitenis\Full_13.01.2026\VseNaStolniTenisOutput.csv"
"VseNaStolniTenis","vše na stolní tenis-Potisk míčku","https://www.vsenastolnitenis.cz/cz/doplnky/nase-sluzby-134/potisk-micku-11901911","2026-01-13T00:00:00","H:/Desaka\vsenastolnitenis\Full_13.01.2026\VseNaStolniTenisOutput.csv"
"VseNaStolniTenis","vše na stolní tenis-Potisk míčků - Grafická příprava","https://www.vsenastolnitenis.cz/cz/doplnky/nase-sluzby-134/potisk-micku-graficka-priprava-11901910","2026-01-13T00:00:00","H:/Desaka\vsenastolnitenis\Full_13.01.2026\VseNaStolniTenisOutput.csv"
"VseNaStolniTenis","vše na stolní tenis-Potisk textilu (1 řádek)","https://www.vsenastolnitenis.cz/cz/doplnky/nase-sluzby-134/potisk-textilu-1-radek-11901905","2026-01-13T00:00:00","H:/Desaka\vsenastolnitenis\Full_13.01.2026\VseNaStolniTenisOutput.csv"
"VseNaStolniTenis","vše na stolní tenis-Potisk textilu (2 řádky)","https://www.vsenastolnitenis.cz/cz/doplnky/nase-sluzby-134/potisk-textilu-2-radky-11901908","2026-01-13T00:00:00","H:/Desaka\vsenastolnitenis\Full_13.01.2026\VseNaStolniTenisOutput.csv"
"VseNaStolniTenis","vše na stolní tenis-Prkno Allround","https://www.vsenastolnitenis.cz/cz/dreva/all-21/prkno-allround-11102501","2026-01-13T00:00:00","H:/Desaka\vsenastolnitenis\Full_13.01.2026\VseNaStolniTenisOutput.csv"
"VseNaStolniTenis","vše na stolní tenis-Prkno Profi","https://www.vsenastolnitenis.cz/cz/akcni-nabidka/dreva-79/prkno-profi-11101802","2026-01-13T00:00:00","H:/Desaka\vsenastolnitenis\Full_13.01.2026\VseNaStolniTenisOutput.csv"
"VseNaStolniTenis","vše na stolní tenis-Prodloužená záruka (+1 rok)","https://www.vsenastolnitenis.cz/cz/doplnky/nase-sluzby-134/prodlouzena-zaruka-1-rok-11901906","2026-01-13T00:00:00","H:/Desaka\vsenastolnitenis\Full_13.01.2026\VseNaStolniTenisOutput.csv"
"VseNaStolniTenis","vše na stolní tenis-Pronájem pálek na stolní tenis","https://www.vsenastolnitenis.cz/cz/doplnky/nase-sluzby-134/pronajem-palek-na-stolni-tenis-11901909","2026-01-13T00:00:00","H:/Desaka\vsenastolnitenis\Full_13.01.2026\VseNaStolniTenisOutput.csv"
"VseNaStolniTenis","vše na stolní tenis-Pronájem stolu na stolní tenis","https://www.vsenastolnitenis.cz/cz/doplnky/nase-sluzby-134/pronajem-stolu-na-stolni-tenis-11901907","2026-01-13T00:00:00","H:/Desaka\vsenastolnitenis\Full_13.01.2026\VseNaStolniTenisOutput.csv"
"VseNaStolniTenis","vše na stolní tenis-Sběrač Buddy","https://www.vsenastolnitenis.cz/cz/vybaveni-pro-kluby/ostatni-73/sberac-buddy-11821601","2026-01-13T00:00:00","H:/Desaka\vsenastolnitenis\Full_13.01.2026\VseNaStolniTenisOutput.csv"
"VseNaStolniTenis","vše na stolní tenis-Set 4 pálek + 8 míčků","https://www.vsenastolnitenis.cz/cz/palky/sety-296/set-4-palek-8-micku-11202501","2026-01-13T00:00:00","H:/Desaka\vsenastolnitenis\Full_13.01.2026\VseNaStolniTenisOutput.csv"
"VseNaStolniTenis","vše na stolní tenis-Stroj na řezání potahů","https://www.vsenastolnitenis.cz/cz/vybaveni-pro-kluby/ostatni-73/stroj-na-rezani-potahu-11832501","2026-01-13T00:00:00","H:/Desaka\vsenastolnitenis\Full_13.01.2026\VseNaStolniTenisOutput.csv"
"VseNaStolniTenis","vše na stolní tenis-Stůl TT002","https://www.vsenastolnitenis.cz/cz/stoly/venkovni-67/stul-tt002-11802501","2026-01-13T00:00:00","H:/Desaka\vsenastolnitenis\Full_13.01.2026\VseNaStolniTenisOutput.csv"
"VseNaStolniTenis","vše na stolní tenis-Stůl TT003","https://www.vsenastolnitenis.cz/cz/stoly/vnitrni-66/stul-tt003-11802502","2026-01-13T00:00:00","H:/Desaka\vsenastolnitenis\Full_13.01.2026\VseNaStolniTenisOutput.csv"
"VseNaStolniTenis","vše na stolní tenis-Stůl TT007","https://www.vsenastolnitenis.cz/cz/stoly/vnitrni-66/stul-tt007-11802504","2026-01-13T00:00:00","H:/Desaka\vsenastolnitenis\Full_13.01.2026\VseNaStolniTenisOutput.csv"
"VseNaStolniTenis","vše na stolní tenis-Tuning potahu","https://www.vsenastolnitenis.cz/cz/doplnky/nase-sluzby-134/tuning-potahu-11901903","2026-01-13T00:00:00","H:/Desaka\vsenastolnitenis\Full_13.01.2026\VseNaStolniTenisOutput.csv"
"VseNaStolniTenis","Vulkan-Champion First (1000 ml)","https://www.vsenastolnitenis.cz/cz/doplnky/lepidla-vulkan-124/vulkan-champion-first-1000-ml-19601304","2026-01-13T00:00:00","H:/Desaka\vsenastolnitenis\Full_13.01.2026\VseNaStolniTenisOutput.csv"
"VseNaStolniTenis","Vulkan-Champion First (250 ml)","https://www.vsenastolnitenis.cz/cz/doplnky/lepidla-vulkan-124/vulkan-champion-first-250-ml-19601303","2026-01-13T00:00:00","H:/Desaka\vsenastolnitenis\Full_13.01.2026\VseNaStolniTenisOutput.csv"
"VseNaStolniTenis","Vulkan-Champion Repeat (1000 ml)","https://www.vsenastolnitenis.cz/cz/doplnky/lepidla-vulkan-124/vulkan-champion-repeat-1000-ml-19601302","2026-01-13T00:00:00","H:/Desaka\vsenastolnitenis\Full_13.01.2026\VseNaStolniTenisOutput.csv"
"VseNaStolniTenis","Vulkan-Champion Repeat (250 ml)","https://www.vsenastolnitenis.cz/cz/doplnky/lepidla-vulkan-124/vulkan-champion-repeat-250-ml-19601301","2026-01-13T00:00:00","H:/Desaka\vsenastolnitenis\Full_13.01.2026\VseNaStolniTenisOutput.csv"
"VseNaStolniTenis","Xiom-Aigis","https://www.vsenastolnitenis.cz/cz/dreva/all-22/aigis-23102404","2026-01-13T00:00:00","H:/Desaka\vsenastolnitenis\Full_13.01.2026\VseNaStolniTenisOutput.csv"
"VseNaStolniTenis","Xiom-Antony","https://www.vsenastolnitenis.cz/cz/textil/sortky-40/antony-23322401","2026-01-13T00:00:00","H:/Desaka\vsenastolnitenis\Full_13.01.2026\VseNaStolniTenisOutput.csv"
"VseNaStolniTenis","Xiom-Austin","https://www.vsenastolnitenis.cz/cz/textil/tricka-39/austin-23312402","2026-01-13T00:00:00","H:/Desaka\vsenastolnitenis\Full_13.01.2026\VseNaStolniTenisOutput.csv"
"VseNaStolniTenis","Xiom-Diva","https://www.vsenastolnitenis.cz/cz/dreva/off-23/diva-23102406","2026-01-13T00:00:00","H:/Desaka\vsenastolnitenis\Full_13.01.2026\VseNaStolniTenisOutput.csv"
"VseNaStolniTenis","Xiom-Extreme S","https://www.vsenastolnitenis.cz/cz/dreva/off-25/extreme-s-23102407","2026-01-13T00:00:00","H:/Desaka\vsenastolnitenis\Full_13.01.2026\VseNaStolniTenisOutput.csv"
"VseNaStolniTenis","Xiom-Hayabusa ARX","https://www.vsenastolnitenis.cz/cz/dreva/off-24/hayabusa-arx-23102412","2026-01-13T00:00:00","H:/Desaka\vsenastolnitenis\Full_13.01.2026\VseNaStolniTenisOutput.csv"
"VseNaStolniTenis","Xiom-Hayabusa HX Pro","https://www.vsenastolnitenis.cz/cz/dreva/off-25/hayabusa-hx-pro-23102414","2026-01-13T00:00:00","H:/Desaka\vsenastolnitenis\Full_13.01.2026\VseNaStolniTenisOutput.csv"
"VseNaStolniTenis","Xiom-Hayabusa OFF Pro","https://www.vsenastolnitenis.cz/cz/dreva/off-23/hayabusa-off-pro-23102415","2026-01-13T00:00:00","H:/Desaka\vsenastolnitenis\Full_13.01.2026\VseNaStolniTenisOutput.csv"
"VseNaStolniTenis","Xiom-Hayabusa ZL Pro","https://www.vsenastolnitenis.cz/cz/dreva/off-24/hayabusa-zl-pro-23102413","2026-01-13T00:00:00","H:/Desaka\vsenastolnitenis\Full_13.01.2026\VseNaStolniTenisOutput.csv"
"VseNaStolniTenis","Xiom-Hayabusa ZLX","https://www.vsenastolnitenis.cz/cz/dreva/off-25/hayabusa-zlx-23102411","2026-01-13T00:00:00","H:/Desaka\vsenastolnitenis\Full_13.01.2026\VseNaStolniTenisOutput.csv"
"VseNaStolniTenis","Xiom-Hugo ALX Pro","https://www.vsenastolnitenis.cz/cz/dreva/off-24/hugo-alx-pro-23102501","2026-01-13T00:00:00","H:/Desaka\vsenastolnitenis\Full_13.01.2026\VseNaStolniTenisOutput.csv"
"VseNaStolniTenis","Xiom-Hugo HAL","https://www.vsenastolnitenis.cz/cz/dreva/off-24/hugo-hal-23102417","2026-01-13T00:00:00","H:/Desaka\vsenastolnitenis\Full_13.01.2026\VseNaStolniTenisOutput.csv"
"VseNaStolniTenis","Xiom-Hugo TMXi Pro","https://www.vsenastolnitenis.cz/cz/dreva/off-24/hugo-tmxi-pro-23102502","2026-01-13T00:00:00","H:/Desaka\vsenastolnitenis\Full_13.01.2026\VseNaStolniTenisOutput.csv"
"VseNaStolniTenis","Xiom-I Clean Sponge (100 ml)","https://www.vsenastolnitenis.cz/cz/doplnky/cistice-potahu-125/i-clean-sponge-100-ml-23612502","2026-01-13T00:00:00","H:/Desaka\vsenastolnitenis\Full_13.01.2026\VseNaStolniTenisOutput.csv"
"VseNaStolniTenis","Xiom-Ignito","https://www.vsenastolnitenis.cz/cz/dreva/off-24/ignito-23102403","2026-01-13T00:00:00","H:/Desaka\vsenastolnitenis\Full_13.01.2026\VseNaStolniTenisOutput.csv"
"VseNaStolniTenis","Xiom-Jekyll & Hyde C52.5","https://www.vsenastolnitenis.cz/cz/potahy/softy-utocne-26/jekyll-hyde-c52-5-23002505","2026-01-13T00:00:00","H:/Desaka\vsenastolnitenis\Full_13.01.2026\VseNaStolniTenisOutput.csv"
"VseNaStolniTenis","Xiom-Jekyll & Hyde V52.5","https://www.vsenastolnitenis.cz/cz/potahy/softy-utocne-26/jekyll-hyde-v52-5-23002509","2026-01-13T00:00:00","H:/Desaka\vsenastolnitenis\Full_13.01.2026\VseNaStolniTenisOutput.csv"
"VseNaStolniTenis","Xiom-Jekyll & Hyde Z52.5","https://www.vsenastolnitenis.cz/cz/potahy/softy-utocne-26/jekyll-hyde-z52-5-23002508","2026-01-13T00:00:00","H:/Desaka\vsenastolnitenis\Full_13.01.2026\VseNaStolniTenisOutput.csv"
"VseNaStolniTenis","Xiom-LSS ALX Lite","https://www.vsenastolnitenis.cz/cz/dreva/off-24/lss-alx-lite-23102503","2026-01-13T00:00:00","H:/Desaka\vsenastolnitenis\Full_13.01.2026\VseNaStolniTenisOutput.csv"
"VseNaStolniTenis","Xiom-Omega 7 Asia","https://www.vsenastolnitenis.cz/cz/potahy/softy-utocne-26/xiom-omega-7-asia-23001804","2026-01-13T00:00:00","H:/Desaka\vsenastolnitenis\Full_13.01.2026\VseNaStolniTenisOutput.csv"
"VseNaStolniTenis","Xiom-Omega 7 EU","https://www.vsenastolnitenis.cz/cz/potahy/softy-utocne-26/xiom-omega-7-eu-23001802","2026-01-13T00:00:00","H:/Desaka\vsenastolnitenis\Full_13.01.2026\VseNaStolniTenisOutput.csv"
"VseNaStolniTenis","Xiom-Omega 7 China Guang","https://www.vsenastolnitenis.cz/cz/potahy/softy-utocne-26/omega-7-china-guang-23002101","2026-01-13T00:00:00","H:/Desaka\vsenastolnitenis\Full_13.01.2026\VseNaStolniTenisOutput.csv"
"VseNaStolniTenis","Xiom-Omega 7 PRO","https://www.vsenastolnitenis.cz/cz/potahy/softy-utocne-26/xiom-omega-7-pro-23001801","2026-01-13T00:00:00","H:/Desaka\vsenastolnitenis\Full_13.01.2026\VseNaStolniTenisOutput.csv"
"VseNaStolniTenis","Xiom-Omega 7 Tour","https://www.vsenastolnitenis.cz/cz/potahy/softy-utocne-26/xiom-omega-7-tour-23001901","2026-01-13T00:00:00","H:/Desaka\vsenastolnitenis\Full_13.01.2026\VseNaStolniTenisOutput.csv"
"VseNaStolniTenis","Xiom-Omega 8 Euro","https://www.vsenastolnitenis.cz/cz/potahy/softy-utocne-26/omega-8-euro-23002503","2026-01-13T00:00:00","H:/Desaka\vsenastolnitenis\Full_13.01.2026\VseNaStolniTenisOutput.csv"
"VseNaStolniTenis","Xiom-Omega 8 Hybrid","https://www.vsenastolnitenis.cz/cz/potahy/softy-utocne-26/omega-8-hybrid-23002504","2026-01-13T00:00:00","H:/Desaka\vsenastolnitenis\Full_13.01.2026\VseNaStolniTenisOutput.csv"
"VseNaStolniTenis","Xiom-Omega 8 China","https://www.vsenastolnitenis.cz/cz/potahy/softy-utocne-26/omega-8-china-23002502","2026-01-13T00:00:00","H:/Desaka\vsenastolnitenis\Full_13.01.2026\VseNaStolniTenisOutput.csv"
"VseNaStolniTenis","Xiom-Omega 8 Pro","https://www.vsenastolnitenis.cz/cz/potahy/softy-utocne-26/omega-8-pro-23002501","2026-01-13T00:00:00","H:/Desaka\vsenastolnitenis\Full_13.01.2026\VseNaStolniTenisOutput.csv"
"VseNaStolniTenis","Xiom-Omega III EU","https://www.vsenastolnitenis.cz/cz/potahy/softy-utocne-26/xiom-omega-ii-asia-23001213","2026-01-13T00:00:00","H:/Desaka\vsenastolnitenis\Full_13.01.2026\VseNaStolniTenisOutput.csv"
"VseNaStolniTenis","Xiom-Omega IV Asia","https://www.vsenastolnitenis.cz/cz/potahy/softy-utocne-26/xiom-omega-iv-asia-23001208","2026-01-13T00:00:00","H:/Desaka\vsenastolnitenis\Full_13.01.2026\VseNaStolniTenisOutput.csv"
"VseNaStolniTenis","Xiom-Omega IV Elite","https://www.vsenastolnitenis.cz/cz/potahy/softy-utocne-26/xiom-omega-iv-elite-23001209","2026-01-13T00:00:00","H:/Desaka\vsenastolnitenis\Full_13.01.2026\VseNaStolniTenisOutput.csv"
"VseNaStolniTenis","Xiom-Omega IV EU","https://www.vsenastolnitenis.cz/cz/potahy/softy-utocne-26/xiom-omega-iv-eu-23001207","2026-01-13T00:00:00","H:/Desaka\vsenastolnitenis\Full_13.01.2026\VseNaStolniTenisOutput.csv"
"VseNaStolniTenis","Xiom-Omega IV PRO","https://www.vsenastolnitenis.cz/cz/potahy/softy-utocne-26/xiom-omega-iv-pro-23001206","2026-01-13T00:00:00","H:/Desaka\vsenastolnitenis\Full_13.01.2026\VseNaStolniTenisOutput.csv"
"VseNaStolniTenis","Xiom-Omega V Asia DF","https://www.vsenastolnitenis.cz/cz/potahy/softy-utocne-26/xiom-omega-v-asia-df-23001602","2026-01-13T00:00:00","H:/Desaka\vsenastolnitenis\Full_13.01.2026\VseNaStolniTenisOutput.csv"
"VseNaStolniTenis","Xiom-Omega V Euro DF","https://www.vsenastolnitenis.cz/cz/potahy/softy-utocne-26/xiom-omega-v-euro-df-23001601","2026-01-13T00:00:00","H:/Desaka\vsenastolnitenis\Full_13.01.2026\VseNaStolniTenisOutput.csv"
"VseNaStolniTenis","Xiom-Omega V Tour DF","https://www.vsenastolnitenis.cz/cz/potahy/softy-utocne-26/xiom-omega-v-tour-df-23001603","2026-01-13T00:00:00","H:/Desaka\vsenastolnitenis\Full_13.01.2026\VseNaStolniTenisOutput.csv"
"VseNaStolniTenis","Xiom-Paltida","https://www.vsenastolnitenis.cz/cz/dreva/off-23/paltida-23102410","2026-01-13T00:00:00","H:/Desaka\vsenastolnitenis\Full_13.01.2026\VseNaStolniTenisOutput.csv"
"VseNaStolniTenis","Xiom-Páska Logo 12 mm/50 m","https://www.vsenastolnitenis.cz/cz/doplnky/pasky-na-palky-128/logo-12-mm-50-m-23622402","2026-01-13T00:00:00","H:/Desaka\vsenastolnitenis\Full_13.01.2026\VseNaStolniTenisOutput.csv"
"VseNaStolniTenis","Xiom-Páska Logo 12 mm/5m","https://www.vsenastolnitenis.cz/cz/doplnky/pasky-na-palky-128/logo-12-mm-5m-23622403","2026-01-13T00:00:00","H:/Desaka\vsenastolnitenis\Full_13.01.2026\VseNaStolniTenisOutput.csv"
"VseNaStolniTenis","Xiom-Páska Plain 12 mm/50 m","https://www.vsenastolnitenis.cz/cz/doplnky/pasky-na-palky-128/plain-12-mm-50-m-23622401","2026-01-13T00:00:00","H:/Desaka\vsenastolnitenis\Full_13.01.2026\VseNaStolniTenisOutput.csv"
"VseNaStolniTenis","Xiom-Penta Double RC","https://www.vsenastolnitenis.cz/cz/doplnky/pouzdra-120/penta-double-rc-23512401","2026-01-13T00:00:00","H:/Desaka\vsenastolnitenis\Full_13.01.2026\VseNaStolniTenisOutput.csv"
"VseNaStolniTenis","Xiom-Penta Single RC","https://www.vsenastolnitenis.cz/cz/doplnky/pouzdra-120/penta-single-rc-23512403","2026-01-13T00:00:00","H:/Desaka\vsenastolnitenis\Full_13.01.2026\VseNaStolniTenisOutput.csv"
"VseNaStolniTenis","Xiom-Solo","https://www.vsenastolnitenis.cz/cz/dreva/off-24/solo-23102405","2026-01-13T00:00:00","H:/Desaka\vsenastolnitenis\Full_13.01.2026\VseNaStolniTenisOutput.csv"
"VseNaStolniTenis","Xiom-Stradivarius","https://www.vsenastolnitenis.cz/cz/dreva/off-25/stradivarius-23102401","2026-01-13T00:00:00","H:/Desaka\vsenastolnitenis\Full_13.01.2026\VseNaStolniTenisOutput.csv"
"VseNaStolniTenis","Xiom-Strato","https://www.vsenastolnitenis.cz/cz/dreva/off-25/strato-23102402","2026-01-13T00:00:00","H:/Desaka\vsenastolnitenis\Full_13.01.2026\VseNaStolniTenisOutput.csv"
"VseNaStolniTenis","Xiom-V ABS *** (6 ks)","https://www.vsenastolnitenis.cz/cz/micky/zavodni-plastove-76/v-abs-6-ks-23702502","2026-01-13T00:00:00","H:/Desaka\vsenastolnitenis\Full_13.01.2026\VseNaStolniTenisOutput.csv"
"VseNaStolniTenis","Xiom-XTR Training ** 40+ (100 ks)","https://www.vsenastolnitenis.cz/cz/micky/treninkove-plastove-77/xtr-training-40-100-ks-23702501","2026-01-13T00:00:00","H:/Desaka\vsenastolnitenis\Full_13.01.2026\VseNaStolniTenisOutput.csv"
"VseNaStolniTenis","Yasaka-Mark V.","https://www.vsenastolnitenis.cz/cz/potahy/softy-utocne-26/mark-v-17001201","2026-01-13T00:00:00","H:/Desaka\vsenastolnitenis\Full_13.01.2026\VseNaStolniTenisOutput.csv"
"VseNaStolniTenis","Yasaka-Mark V. GPS","https://www.vsenastolnitenis.cz/cz/potahy/softy-utocne-26/yasaka-mark-v-gps-17001203","2026-01-13T00:00:00","H:/Desaka\vsenastolnitenis\Full_13.01.2026\VseNaStolniTenisOutput.csv"
"VseNaStolniTenis","Yasaka-Mark V. HPS","https://www.vsenastolnitenis.cz/cz/potahy/softy-utocne-26/yasaka-mark-v-hps-17001204","2026-01-13T00:00:00","H:/Desaka\vsenastolnitenis\Full_13.01.2026\VseNaStolniTenisOutput.csv"
"VseNaStolniTenis","Yasaka-Mark V. M2","https://www.vsenastolnitenis.cz/cz/potahy/softy-utocne-26/yasaka-mark-v-m2-17001206","2026-01-13T00:00:00","H:/Desaka\vsenastolnitenis\Full_13.01.2026\VseNaStolniTenisOutput.csv"
"VseNaStolniTenis","Yasaka-Mark V. XS","https://www.vsenastolnitenis.cz/cz/potahy/softy-utocne-26/yasaka-mark-v-xs-17001207","2026-01-13T00:00:00","H:/Desaka\vsenastolnitenis\Full_13.01.2026\VseNaStolniTenisOutput.csv"
"VseNaStolniTenis","Yasaka-Rakza 7","https://www.vsenastolnitenis.cz/cz/potahy/softy-utocne-26/yasaka-rakza-7-17001212","2026-01-13T00:00:00","H:/Desaka\vsenastolnitenis\Full_13.01.2026\VseNaStolniTenisOutput.csv"
"VseNaStolniTenis","Yasaka-Rakza 7 Soft","https://www.vsenastolnitenis.cz/cz/potahy/softy-utocne-26/yasaka-rakza-7-soft-17001213","2026-01-13T00:00:00","H:/Desaka\vsenastolnitenis\Full_13.01.2026\VseNaStolniTenisOutput.csv"
"VseNaStolniTenis","Yasaka-Rakza 9","https://www.vsenastolnitenis.cz/cz/potahy/softy-utocne-26/yasaka-rakza-9-17001214","2026-01-13T00:00:00","H:/Desaka\vsenastolnitenis\Full_13.01.2026\VseNaStolniTenisOutput.csv"
"VseNaStolniTenis","Yasaka-Rakza PO","https://www.vsenastolnitenis.cz/cz/potahy/sendvice-31/yasaka-rakza-po-17001211","2026-01-13T00:00:00","H:/Desaka\vsenastolnitenis\Full_13.01.2026\VseNaStolniTenisOutput.csv"
"VseNaStolniTenis","Yasaka-Rakza X","https://www.vsenastolnitenis.cz/cz/potahy/softy-utocne-26/yasaka-rakza-x-17001401","2026-01-13T00:00:00","H:/Desaka\vsenastolnitenis\Full_13.01.2026\VseNaStolniTenisOutput.csv"
"VseNaStolniTenis","Yasaka-Rakza X Soft","https://www.vsenastolnitenis.cz/cz/potahy/softy-utocne-26/yasaka-rakza-x-soft-17001502-2","2026-01-13T00:00:00","H:/Desaka\vsenastolnitenis\Full_13.01.2026\VseNaStolniTenisOutput.csv"
"VseNaStolniTenis","Yasaka-Rakza XX","https://www.vsenastolnitenis.cz/cz/potahy/softy-utocne-26/rakza-xx-17002301","2026-01-13T00:00:00","H:/Desaka\vsenastolnitenis\Full_13.01.2026\VseNaStolniTenisOutput.csv"
"VseNaStolniTenis","Yasaka-Rakza Z","https://www.vsenastolnitenis.cz/cz/potahy/softy-utocne-26/rakza-z-17002001","2026-01-13T00:00:00","H:/Desaka\vsenastolnitenis\Full_13.01.2026\VseNaStolniTenisOutput.csv"
"VseNaStolniTenis","Yasaka-Rakza Z Extra Hard","https://www.vsenastolnitenis.cz/cz/potahy/softy-utocne-26/rakza-z-extra-hard-17002002","2026-01-13T00:00:00","H:/Desaka\vsenastolnitenis\Full_13.01.2026\VseNaStolniTenisOutput.csv"
"VseNaStolniTenis","Yasaka-Rigan","https://www.vsenastolnitenis.cz/cz/potahy/softy-utocne-26/yasaka-rigan-17001901","2026-01-13T00:00:00","H:/Desaka\vsenastolnitenis\Full_13.01.2026\VseNaStolniTenisOutput.csv"
"VseNaStolniTenis","Yasaka-Rising Dragon","https://www.vsenastolnitenis.cz/cz/potahy/softy-utocne-26/yasaka-rising-dragon-17001503","2026-01-13T00:00:00","H:/Desaka\vsenastolnitenis\Full_13.01.2026\VseNaStolniTenisOutput.csv"
"VseNaStolniTenis","Yasaka-Rising Dragon II","https://www.vsenastolnitenis.cz/cz/potahy/softy-utocne-26/rising-dragon-ii-17002401","2026-01-13T00:00:00","H:/Desaka\vsenastolnitenis\Full_13.01.2026\VseNaStolniTenisOutput.csv"
"VseNaStolniTenis","Yasaka-Shining Dragon II","https://www.vsenastolnitenis.cz/cz/potahy/softy-utocne-26/shining-dragon-ii-17002402","2026-01-13T00:00:00","H:/Desaka\vsenastolnitenis\Full_13.01.2026\VseNaStolniTenisOutput.csv"
"VseNaStolniTenis","Yinhe-H40+ *** (6 ks)","https://www.vsenastolnitenis.cz/cz/micky/zavodni-plastove-76/h40-6-ks-54702501","2026-01-13T00:00:00","H:/Desaka\vsenastolnitenis\Full_13.01.2026\VseNaStolniTenisOutput.csv"
